country,osm_id,city,lat,lon
Algeria,27564946,Constantine,36.364519,6.60826
Algeria,27565103,Oran,35.7032751,-0.6492976
Algeria,253292160,Tizi Ouzou,36.7137843,4.0493919
Algeria,262963217,El Oued,33.3611766,6.8603492
Algeria,262964638,Touggourt,33.1098968,6.066102
Algeria,264573224,Laghouat,33.8063518,2.8808616
Algeria,274946937,Bou Saâda,35.2133123,4.1809702
Algeria,288387133,Kouba,36.7337682,3.0861789
Algeria,288417925,Médéa,36.265344,2.766957
Algeria,288418022,Blida,36.4701645,2.8287985
Algeria,291964008,Bordj Bou Arreridj,36.0735398,4.760492
Algeria,291964314,Béjaïa,36.750756,5.0647
Algeria,299617915,Alger,36.775348,3.060065
Algeria,299618513,Annaba,36.8982165,7.7549272
Algeria,299619085,Batna,35.554404,6.1767453
Algeria,299680100,Chlef,36.164592,1.331499
Algeria,299681006,Djelfa,34.671359,3.254037
Algeria,299682062,Sidi Bel Abbes,35.191069,-0.634632
Algeria,299682811,Biskra,34.8508508,5.7286878
Algeria,299683227,Tébessa,35.4035956,8.1212322
Algeria,299684626,Tiaret,35.3661448,1.3194687
Algeria,299692217,Skikda,36.879882,6.907485
Algeria,299695849,Béchar,31.6170177,-2.2171276
Algeria,299698224,Souk Ahras,36.284832,7.9515466
Algeria,299699468,Mostaganem,35.928808,0.089978
Algeria,299700319,M'Sila,35.7087553,4.5371552
Algeria,299701636,El Eulma,36.1529057,5.6911588
Algeria,299702563,Khenchela,35.430154,7.145711
Algeria,299822267,Saïda,34.8416405,0.1509912
Algeria,299824735,Guelma,36.465084,7.430647
Algeria,299825178,Relizane,35.7381193,0.5547673
Algeria,299833893,Barika,35.3845042,5.3705996
Algeria,316393181,Les Eucalyptus,36.6567143,3.1472616
Algeria,424101403,Mecheria,33.5428415,-0.2750524
Algeria,439911514,Maghnia,34.847199,-1.729658
Algeria,441464361,Aflou,34.11252,2.10029
Algeria,442686678,Hammamet,35.4493578,7.9506234
Algeria,442688335,Aïn Beïda,35.7952839,7.3894346
Algeria,443012382,Bir El Ater,34.7441882,8.0584012
Algeria,810749504,Bir El Djir,35.719874,-0.5675118
Algeria,1941427461,Jijel,36.8167305,5.771494
Algeria,3087947095,Messâad,34.1538348,3.4958059
Algeria,3110093634,Tlemcen,34.881789,-1.316699
Algeria,3475248415,Ghardaïa,32.485855,3.677104
Algeria,3869219093,Ouargla,31.94467,5.320958
Algeria,3870606925,Aïn Oussara,35.4492582,2.9071065
Algeria,4306315224,Sétif,36.1894747,5.4046663
Algeria,5300225730,Mascara,35.394081,0.1379568
Algeria,5465365929,Charef,34.6270918,2.8059171
Egypt,27043265,دهب,28.4963633,34.5145652
Egypt,27084072,الغردقة,27.2405016,33.8267842
Egypt,27135821,مرسى علم,25.069992,34.893817
Egypt,27136155,القصير,26.1074544,34.2722393
Egypt,27136248,سفاجا‎‎,26.7633325,33.9383817
Egypt,27564966,السويس,29.974498,32.537086
Egypt,27564975,بورسعيد,31.263235,32.305505
Egypt,27565020,الإسكندرية,31.199004,29.894378
Egypt,27565120,الجيزة,30.0170059,31.2134513
Egypt,29555531,رأس سدر,29.593487,32.718536
Egypt,29597395,زعفرانة,29.1119075,32.6592486
Egypt,31353319,بنها,30.4624974,31.184063
Egypt,31582434,المنصورة,31.037566,31.38649
Egypt,31582451,المحلة الكبرى,30.9723517,31.1683002
Egypt,248035196,نخل,29.9114539,33.7459874
Egypt,271613766,القاهرة,30.048819,31.243666
Egypt,295029548,دمياط,31.4167427,31.8213657
Egypt,296193469,شلاتين,23.1061832,35.5639423
Egypt,299498464,الزقازيق‎,30.5853431,31.5035127
Egypt,299499376,دمنهور,31.0374982,30.4710625
Egypt,299501065,قنا,26.1615051,32.7182974
Egypt,299523927,مدينة السادس من أكتوبر,29.9723458,30.9409205
Egypt,299527803,شبين الكوم,30.5545106,31.0097923
Egypt,299546351,مرسى مطروح‎,31.3528567,27.2395262
Egypt,299569447,دسوق‎,31.128233,30.646198
Egypt,299571747,أبو كبير‎,30.72517,31.6708449
Egypt,299612108,السلوم,31.5516178,25.1542126
Egypt,311994035,العبور,30.1914,31.450548
Egypt,324629407,واحة سيوة,29.2034664,25.5192273
Egypt,330190833,مدينة 15 مايو,29.8320418,31.3647679
Egypt,330194927,مدينة الشيخ زايد,30.048347,30.9832235
Egypt,336215777,الواحات الخارجة,25.4522583,30.5416007
Egypt,355923104,مدينتى,30.0916925,31.6238026
Egypt,428339450,شرم الشيخ,27.8669082,34.3014551
Egypt,665528750,دمياط الجديدة,31.4364503,31.678142
Egypt,767977647,رأس بناس,23.9807743,35.415651
Egypt,767997839,برج البرلس,31.582728,30.9774388
Egypt,768026937,العلمين,30.833944,28.949268
Egypt,768032316,المنيا,28.096828,30.757578
Egypt,768555545,الفيوم,29.3073841,30.8398896
Egypt,768582192,الطور,28.241667,33.623611
Egypt,768582279,رأس غارب,28.359444,33.077778
Egypt,768586066,بني سويف,29.0729812,31.0982562
Egypt,768591737,شبرا الخيمة,30.128611,31.242222
Egypt,768595872,الإسماعيلية,30.6043775,32.2770825
Egypt,768596313,القنطرة غرب,30.8550945,32.3096054
Egypt,768596321,القنطرة شرق,30.8636259,32.3251656
Egypt,768597777,العريش,31.1272509,33.8045859
Egypt,768733590,أبو زنيمة,29.051163,33.104062
Egypt,768766246,مدينة العاشر من رمضان,30.2900096,31.749342
Egypt,768799947,نويبع,29.035,34.661667
Egypt,768812338,سيدى عبد الرحمن,30.9651527,28.7432522
Egypt,1636218447,سوهاج‎,26.547748,31.699263
Egypt,1667671341,أسوان,24.091071,32.897306
Egypt,1667671370,الأقصر,25.702096,32.647186
Egypt,2560112576,مدينة السادات,30.3720094,30.5214806
Egypt,2571558867,مدينة سانت كاترين,28.5675077,33.9535607
Egypt,2662966644,الواحات البحرية,28.3572032,28.862964
Egypt,2662977098,واحة الفرافرة,27.0641733,27.9683927
Egypt,2662989689,الواحات الداخلة,25.5120622,29.2581601
Egypt,2742102194,‏طنطا,30.7833666,30.9982536
Egypt,3235552557,شبراخيت,31.0285355,30.7130664
Egypt,3669525044,النوبارية الجديدة,30.6663888,30.0765751
Egypt,4356356608,حلايب,22.1654075,36.6742556
Egypt,4813663277,أبو رماد,22.3990751,36.4085658
Egypt,4825416770,مدينة راس حدربة,22.0524294,36.7274617
Egypt,5650937978,الرحمانية,31.1045549,30.6424526
Egypt,6091032462,طناح,31.0358207,31.5536475
Libya,260714409,غات,24.9626299,10.1797167
Libya,260715532,أوباري,26.5897046,12.7694188
Libya,260715664,مدينة جرمة,26.5284969,13.0696338
Libya,260715668,الغريفه,26.5258867,13.0099491
Libya,260716346,مرزق,25.9140852,13.9197199
Libya,260716549,سبها‎,27.0331541,14.4316929
Libya,276850140,غدامس,30.1258404,9.4900658
Libya,277399044,ترهونة,32.437106,13.639685
Libya,277399357,الخمس,32.652183,14.26801
Libya,277399530,الزاوية,32.7626409,12.7264789
Libya,277399662,زوارة,32.932781,12.0806384
Libya,277399765,اجدابيا,30.7550035,20.2233257
Libya,277407893,الكفرة,24.1987692,23.2931913
Libya,277520853,طبرق,32.0774321,23.9600148
Libya,288491858,البيضاء,32.7609529,21.7577175
Libya,288493021,درنة,32.7593795,22.6383195
Libya,299616414,سرت,31.2059625,16.5836206
Libya,299616862,صبراتة‎,32.7906211,12.4826746
Libya,361358942,البريقة الجديدة,30.4829221,19.7250842
Libya,419488780,القطرون,24.888852,14.531484
Libya,506650392,امسلاته,32.579922,14.0417371
Libya,1159112554,المرج,32.4857156,20.833836
Libya,1160843625,جالو,29.0331149,21.5482209
Libya,1160881649,بني وليد,31.7569695,13.995051
Libya,1169743113,العجيلات,32.7580138,12.3775024
Libya,1170583242,زليتن,32.467562,14.56564
Libya,1170597942,هون,29.1245649,15.9402605
Libya,1181267424,الزهراء,32.6779494,12.872464
Libya,1193623176,ودان‎,29.1614728,16.1414058
Libya,1565508929,الأبيار,32.1896453,20.5945086
Libya,1565510610,غريان,32.1715873,13.0211451
Libya,1699640925,طرابلس,32.896672,13.1777923
Libya,3300366408,العزيزية,32.5330923,13.0176242
Libya,4212111529,رهيبت,31.8849699,11.898025
Libya,5431087789,مصراتة,32.3745318,15.0904886
Libya,5431095439,زليتن Zleten,32.4704922,14.565249
Libya,5431110298,الزاوية Al zawia,32.7598937,12.7262489
Libya,5431116754,سبها Sabha,27.0373386,14.4253234
Libya,5431132268,بنغازي,32.1288331,20.0817204
Morocco,25730724,Casablanca ⵜⴰⴷⴷⴰⵔⵜ ⵜⵓⵎⵍⵉⵍⵜ الدار البيضاء,33.5950627,-7.6187768
Morocco,26755661,Oujda ⵡⵊⴷⴰ وجدة‎,34.677874,-1.929306
Morocco,26756035,Meknès ⴰⵎⴽⵏⴰⵙ مكناس,33.8978116,-5.5319836
Morocco,26756132,El Jadida ⵊⴷⵉⴷⴰ الجديدة,33.2433309,-8.49884
Morocco,26756639,Tan-Tan ⵟⴰⵏⵟⴰⵏ طانطان,28.437553,-11.098664
Morocco,27565078,Agadir ⴰⴳⴰⴷⵉⵔ أگادیر,30.4211144,-9.5830626
Morocco,29337459,Safi ⴰⵙⴼⵉ آسفي,32.299424,-9.239533
Morocco,31380375,Nador ⵏⴰⴹⵓⵕ الناظور,35.1739922,-2.9281198
Morocco,34992118,Tinghir ⵜⵉⵏⵖⵉⵔ تينغير,31.52133,-5.531164
Morocco,63439019,Khémisset ⵅⴻⵎⵉⵙⵙⴻⵜ الخميسات,33.830287,-6.072605
Morocco,63443413,Taza ⵜⴰⵣⴰ تازة,34.230155,-4.010104
Morocco,245486763,Essaouira ⵚⵚⵡⵉⵕⴰ الصويرة,31.5118281,-9.7620903
Morocco,254485332,Taroudant ⵜⴰⵔⵓⴷⴰⵏⵜ تارودانت,30.470651,-8.877922
Morocco,256948195,Tiznit ⵜⵉⵣⵏⵉⵜ تزنيت,29.698624,-9.7312815
Morocco,288704798,Ouarzazate ⵡⴰⵔⵣⴰⵣⴰⵜ ورزازات,30.920193,-6.910923
Morocco,289035432,Fès ⴼⴰⵙ فاس,34.0346534,-5.0161926
Morocco,299120862,Rabat ⵔⴱⴰⵟ الرباط,34.022405,-6.834543
Morocco,309968105,Chichaoua ⵛⵉⵛⴰⵡⴰ شيشاوة,31.5469033,-8.7595462
Morocco,348237703,Dakhla ⴷⴰⵅⵍⴰ الداخلة,23.6940663,-15.9431274
Morocco,351111110,Guelmim ⴳⵍⵎⵉⵎ گلميم,28.9863852,-10.0574351
Morocco,391512701,Al Hoceima - ⵍⵃⵓⵙⵉⵎⴰ - الحسيمة,35.245114,-3.930186
Morocco,391562106,Berkane ⴱⴻⵔⴽⴰⵏ بركان,34.9266755,-2.3294087
Morocco,400915111,Bouarfa ⴱⵓⵄⴰⵔⴼⴰ بوعرفة,32.532903,-1.963231
Morocco,401232144,Figuig ⵉⴼⵉⵢⵢⵉⵢ فگيگ,32.115048,-1.230396
Morocco,406192860,Er Rachidia ⵉⵎⵜⵖⴻⵔⵏ الرشيدية,31.929089,-4.4340807
Morocco,414081770,Salé ⵙⵍⴰ سلا,34.044889,-6.814017
Morocco,421432226,Tétouan ⵜⵉⵟⵟⴰⵡⵉⵏ تطوان,35.570175,-5.3742776
Morocco,508040941,Marrakech ⵎⵕⵕⴰⴽⵛ مراكش,31.6258257,-7.9891608
Morocco,569755163,Esmara ⵙⵎⴰⵔⴰ السمارة,26.7435827,-11.6645492
Morocco,583022208,Larache ⵍⵄⵔⴰⵢⵛ العرائش,35.1952327,-6.152913
Morocco,624269194,Khénifra ⵅⵏⵉⴼⵕⴰ خنيفرة,32.9357718,-5.6696504
Morocco,1039966988,Sebt Gzoula ⵙⴰⴱⵜ ⴳⴰⵣⵓⵍⴰ سبت گزولة,32.108297,-9.084263
Morocco,1052247758,Sidi Kacem ⵙⵉⴷⵉ ⵇⴰⵙⴰⵎ سيدي قاسم,34.226412,-5.711434
Morocco,1052364362,Ksar-el-Kebir ⵍⵇⵚⵔ ⵍⴽⴱⵉⵔ القصر الكبير,34.999218,-5.898724
Morocco,1156264376,Settat ⵥⵟⵟⴰⵟ سطات,33.002397,-7.619867
Morocco,1210857280,Ben Guerir ⴱⴰⵏⴳⵔⵉⵔ بن گرير,32.239034,-7.958131
Morocco,1274095863,Beni Mellal ⴰⵢⵜ ⵎⵍⵍⴰⵍ بني ملال,32.334193,-6.353335
Morocco,1339097697,Berrechid ⴱⴰⵔⵛⵉⴷ برشيد,33.2676746,-7.5811465
Morocco,1686960487,Assilah ⴰⵚⵉⵍⴰ أصيلة,35.461928,-6.036545
Morocco,1863747049,Kénitra ⵇⵏⵉⵟⵔⴰ القنيطرة,34.26457,-6.570169
Morocco,1863747052,Tanger ⵟⴰⵏⵊⴰ طنجة,35.777103,-5.803792
Morocco,1864970021,Sidi Slimane ⵙⵉⴷⵉ ⵙⵍⵉⵎⴰⵏ سيدي سليمان,34.259878,-5.927253
Morocco,1865094126,Khouribga ⵅⵯⵔⵉⴱⴳⴰ خريبكة,32.885508,-6.909238
Morocco,1865117987,Oued Zem ⵡⴰⴷ ⵣⴰⵎ واد زم,32.862504,-6.571054
Morocco,1888261495,Laâyoune ⵍⵄⵢⵓⵏ العيون,27.154512,-13.1953921
Morocco,1954988722,Témara ⵜⵎⴰⵔⴰ تمارة,33.917166,-6.923804
Morocco,2090045902,Boujdour ⴱⵓⵊⴷⵓⵔ بوجدور,26.1263378,-14.4836537
Morocco,2622712708,Mohammédia ⵎⵓⵃⴰⵎⴰⴷⵉⵢⴰ المحمدية,33.6958383,-7.3893292
Morocco,2684455807,Taourirt ⵜⴰⵡⵔⵉⵔⵜ تاوريرت,34.413438,-2.893825
Tunisia,27564968,تونس,36.800108,10.184794
Tunisia,287001619,صفاقس,34.739739,10.7598516
Tunisia,287543373,سوسة,35.828829,10.640525
Tunisia,287543904,القيروان‎,35.6775263,10.1006205
Tunisia,287544603,قابس,33.8833922,10.0971389
Tunisia,287544816,بنزرت,37.2732415,9.8713665
Tunisia,287550909,بن عروس,36.756635,10.220146
Tunisia,287553320,المنستير,35.7709638,10.8272336
Tunisia,287554239,أريانة,36.859939,10.190973
Tunisia,287621836,المهدية,35.503884,11.056042
Tunisia,1136727225,قرطاج,36.851627,10.330441
Tunisia,2573224812,المدينة الجديدة,36.7427438,10.2507204
Western Sahara,348237703,Dakhla ⴷⴰⵅⵍⴰ الداخلة,23.6940663,-15.9431274
Western Sahara,569755163,Esmara ⵙⵎⴰⵔⴰ السمارة,26.7435827,-11.6645492
Western Sahara,1888261495,Laâyoune ⵍⵄⵢⵓⵏ العيون,27.154512,-13.1953921
Western Sahara,2090045902,Boujdour ⴱⵓⵊⴷⵓⵔ بوجدور,26.1263378,-14.4836537
Burundi,60715062,Bujumbura,-3.3638125,29.3675028
Burundi,301351574,Gitega,-3.4284953,29.9249718
Burundi,301399969,Kirundo,-2.5853872,30.0933449
Burundi,498665827,Makamba,-4.1347916,29.8046322
Burundi,498671062,Rutana,-3.9263608,29.990574
Burundi,498675511,Bururi,-3.9453227,29.6192469
Burundi,498680416,Ngozi,-2.909091,29.8230442
Burundi,498680729,Kayanza,-2.9297133,29.6321188
Burundi,498681136,Karuzi,-3.1011687,30.1647524
Burundi,498681309,Muyinga,-2.8453256,30.3393883
Burundi,498681622,Cibitoke,-2.8919231,29.1244074
Burundi,498681772,Bubanza,-3.0845915,29.3948368
Burundi,498682112,Cankuzo,-3.2204922,30.5495774
Burundi,498682265,Ruyigi,-3.4733471,30.2501278
Burundi,498856704,Muramvya,-3.2663248,29.6167289
Burundi,1343439979,Mwaro,-3.5116676,29.7050017
Burundi,1345876693,Rumonge,-3.9745473,29.439294
Comoros,339324562,Moroni موروني,-11.6931255,43.2543044
Comoros,1295700465,Mutsamudu موتسامودو,-12.168846,44.3942831
Djibouti,27565085,Djibouti جيبوتي,11.5936903,43.1472724
Eritrea,317162067,ከረን كرن Keren,15.780477,38.453606
Eritrea,321263589,Assab عصب,13.0091289,42.7444596
Eritrea,5621920820,أسمرة አስመራ Asmara,15.3389667,38.9326763
Ethiopia,27565076,አዲስ አበባ / Addis Ababa,9.0107934,38.7612525
Ethiopia,71556493,ጎንደር / Gonder,12.610368,37.466766
Ethiopia,71612929,ባሕር-ዳር / Bahir Dar,11.5904154,37.3884007
Ethiopia,237498687,ኣዳማ / Adama,8.5410261,39.2705461
Ethiopia,253440282,አርባ ምንጭ / Arba Minch,6.0215142,37.5539809
Ethiopia,266775102,አምቦ / Ambo,8.982104,37.8554406
Ethiopia,281666535,ደሴ / Dessie,11.122604,39.634982
Ethiopia,298290931,ጂጂጋ / Jijiga,9.3513554,42.7981633
Ethiopia,298296162,መቐለ / Mekelle,13.5011216,39.4757557
Ethiopia,298296163,ነቀምት / Nekemte,9.0879679,36.5473097
Ethiopia,298296164,ሶዶ / Sodo,6.864163,37.762762
Ethiopia,298296165,ሻሸመኔ / Shashamane,7.2010144,38.5953618
Ethiopia,298296166,ሐረር / Harar,9.3139294,42.1298392
Ethiopia,298296167,ደብረ ብርሃን / Debre Birhan,9.6752117,39.5324899
Ethiopia,298296168,ድሬዳዋ / Dire Dawa,9.5944718,41.85572
Ethiopia,298296169,ዲላ / Dilla,6.41,38.31
Ethiopia,298296173,ጎዴ / Gode,5.9526975,43.5522312
Ethiopia,298296174,ደብረ ማርቆስ / Debre Markos,10.340245,37.728967
Ethiopia,298296175,ኣኽሱም / Axum,14.122015,38.7305334
Ethiopia,298296176,ኮምቦልቻ / Kombolcha,11.0813583,39.7408732
Ethiopia,298296178,አዲግራት / Adigrat,14.2775432,39.4612757
Ethiopia,313978601,ቦሆትለ بووهودل‎‎,8.228125,46.325064
Ethiopia,321250631,አድዋ / Adwa,14.1646303,38.895478
Ethiopia,321376181,ጋምቤላ / Gambella,8.2467502,34.5875721
Ethiopia,321761901,አሶሳ / Asosa,10.0632302,34.5448075
Ethiopia,1150884206,Werqamba,13.73333,39.0
Ethiopia,1150899305,Hagere Selam,13.6488093,39.1727572
Ethiopia,1150903283,አሰላ / Asella,7.95,39.13333
Ethiopia,1394787650,ሀዋሳ / Hawassa,7.0481029,38.47861
Ethiopia,1800190312,ሮቤ / Robe,7.1242676,40.0080973
Ethiopia,2503575146,ጂማ / Jimma,7.6741372,36.8392841
Kenya,27565105,Nairobi,-1.2832533,36.8172449
Kenya,44925073,Nakuru,-0.2802724,36.0712048
Kenya,44927060,Mombasa,-4.05052,39.667169
Kenya,44929227,Meru,0.0500034,37.6500063
Kenya,44929687,Malindi,-3.2165987,40.1165933
Kenya,44930353,Machakos,-1.5212477,37.2660878
Kenya,44933078,Kitui,-1.3666,38.0166
Kenya,44989844,Kisii,-0.6694119,34.7677944
Kenya,44990389,Kibwezi,-2.410343,37.965529
Kenya,44992704,Kericho,-0.3666,35.2833
Kenya,44999588,Kakamega,0.2833,34.75
Kenya,45004027,Garissa,-0.4567099,39.6404713
Kenya,413630468,Nyeri,-0.4192962,36.9517005
Kenya,1141424596,Thika,-1.036648,37.077523
Kenya,1762613339,Dadaab,0.0559176,40.3054193
Kenya,1868373176,Kisumu,-0.1029109,34.7541761
Kenya,2454265197,Embu,-0.5376699,37.4583949
Kenya,2689551456,Eldoret,0.5198329,35.2715481
Madagascar,27565116,Antananarivo,-18.9100122,47.5255809
Madagascar,254609408,Toliara,-23.354173,43.66966
Madagascar,254616067,Antsiranana,-12.2779134,49.2913394
Madagascar,254618037,Mahajanga,-15.7181492,46.3172577
Madagascar,300272255,Antsirabe,-19.871403,47.034667
Madagascar,316843071,Fianarantsoa,-21.45337,47.085447
Madagascar,335711690,Toamasina,-18.1553985,49.4098352
Madagascar,3355969555,Tôlan̈aro,-25.0296943,46.9903888
Malawi,27565113,Blantyre,-15.7862543,35.0035694
Malawi,262183934,Mzuzu,-11.4607518,34.0226422
Malawi,264951312,Limbe,-15.8074399,35.0525005
Malawi,265772769,Zomba,-15.3863208,35.3268273
Malawi,3072758152,Lilongwe,-13.973456,33.7878122
Mauritius,243819778,Port-Louis,-20.1637281,57.5045331
Mauritius,365764030,Vacoas-Phoenix,-20.2988802,57.4927689
Mozambique,27564983,Matola,-25.966917,32.466956
Mozambique,27565081,Maputo,-25.966213,32.56745
Mozambique,259593578,Beira,-19.828707,34.841782
Mozambique,259593870,Quelimane,-17.87751,36.890216
Mozambique,286426799,Nampula,-15.1194063,39.2615886
Mozambique,331691755,Pemba,-12.9735663,40.5214905
Mozambique,331728890,Inhambane,-23.865961,35.384363
Mozambique,331730931,Chimoio,-19.110921,33.476659
Mozambique,335077559,Xai-Xai,-25.044479,33.64073
Mozambique,335106276,Maxixe,-23.861561,35.348934
Mozambique,335126704,Lichinga,-13.2999118,35.2458642
Mozambique,560241406,Tete,-16.160511,33.587096
Mozambique,663184240,Inchope,-19.2111458,33.9327676
Mozambique,899428278,Nacala,-14.5564782,40.6869931
Mozambique,1419408735,Manica,-18.936733,32.875955
Mozambique,1423061100,Muchungue,-20.3888157,33.9380175
Mozambique,2084079005,Praia de Bilene,-25.2795872,33.2458467
Mozambique,6170852475,Jangamo,-24.1142195,35.3158414
Réunion,246837430,Saint-Denis,-20.8799889,55.448137
Réunion,999426236,Le Port,-20.9354584,55.2916763
Rwanda,60485579,Kigali,-1.950851,30.061507
Rwanda,271315342,Musanze,-1.50405,29.63631
Rwanda,271317488,Gisenyi,-1.693545,29.259855
Rwanda,435637541,Huye,-2.6053426,29.7401547
Rwanda,4702953758,Muhanga,-2.0845197,29.7526948
Somalia,34684808,Muqdisho مقديشو,2.042778,45.338564
Somalia,35926758,Baydhabo بيدوا,3.119951,43.644462
Somalia,36155607,Xudur حودور,4.1237042,43.8915563
Somalia,36155827,Marka مركا‎,1.7148358,44.7699326
Somalia,36161070,Jowhar جوهر‎‎,2.776429,45.509946
Somalia,36161072,Afgooye أفجوي,2.1465328,45.1193414
Somalia,36161073,Qoryooley قوريولي,1.789663,44.530629
Somalia,36161074,Kismaayo كيسمايو,-0.3602285,42.5408831
Somalia,36305919,Baardheere بااردىرآ,2.3372449,42.2849308
Somalia,36305922,Jamaame جمامة‎‎,0.07222,42.75056
Somalia,36305946,Jilib جيليب,0.4937927,42.7764134
Somalia,36305949,Buurhakaba بورحكب,2.78333,44.08333
Somalia,43528250,Boosaaso بوصاصو,11.27848,49.179952
Somalia,43528290,Beledweyne بلد وين,4.7355786,45.2040946
Somalia,43528307,Bu'aale بوأل,1.083333,42.58333
Somalia,43528320,Gaalkacyo جالكعيو‎‎,6.769726,47.430826
Somalia,43528345,Garoowe غاروي,8.406143,48.483195
Somalia,43528353,Ceerigaabo عيرجابو,10.61806,47.37
Somalia,43528372,Laascaanood لاس عانود,8.4759498,47.3577248
Somalia,43528384,Burao برعو,9.524175,45.536932
Somalia,291580881,Berbera بربرة,10.4386215,45.0134007
Somalia,1404223285,زاو تاكو Xawo Tako,2.62003,44.89128
Somalia,1404224477,Laas Caanood لاس عانود,8.474261,47.355194
Somalia,1404226133,Burco برعو,9.52749,45.537472
Somalia,1404232532,Badhan برن‎‎,10.7154042,48.3351072
Somalia,1404233007,بوراما Borama,9.9386691,43.184119
Somalia,1404233530,Garbahaarey غاربهاارآي,3.328,42.219879
Somalia,2814968356,Deg Jannaay,1.7064758,44.6082673
Somalia,4296400861,Hargeysa هرجيسا,9.5601347,44.0683698
Somalia,4298140251,Hargeysa هرجيسا,9.561733,44.061803
Sudan,27565117,الخرطوم,15.593325,32.53565
Sudan,75561491,الدبة,18.043988,30.95119
Sudan,75562621,دنقلا,19.1728506,30.4731589
Sudan,90112925,شندي,16.6884963,33.432286
Sudan,90135276,عطبرة,17.690719,33.98073
Sudan,90187942,رفاعة,14.7677692,33.3659991
Sudan,100013911,وادي حلفا,21.8005,31.350737
Sudan,210360300,كادوقلي‎,11.0085934,29.7155751
Sudan,248948488,كوستي,13.1521864,32.6725113
Sudan,248948657,تندلتي,13.009027,31.866068
Sudan,248948675,أم روابة,12.905825,31.2147916
Sudan,248948689,الأبيض,13.183366,30.222559
Sudan,288510602,بورتسودان,19.619217,37.211709
Sudan,288512635,سواكن,19.103071,37.331236
Sudan,291449779,نيالا,12.0505098,24.8795115
Sudan,294865520,القضارف,14.040941,35.398832
Sudan,300066939,كسلا,15.4521163,36.3771099
Sudan,300069794,ود مدني,14.3965781,33.5309561
Sudan,300074306,الفاشر,13.6238244,25.3555559
Sudan,300076998,الضعين,11.4611731,26.1310939
Sudan,300077759,الدمازين,11.8073636,34.3656298
Sudan,300078547,الجنينة,13.4435,22.4452278
Sudan,321438810,سنار,13.5424054,33.6103555
Sudan,321439793,ربك,13.1844655,32.7398062
Sudan,321459449,كتم,14.20312,24.661729
Sudan,321481872,زالنجي,12.9134096,23.4738132
Sudan,321484289,كاس,12.5058244,24.2859432
Sudan,321502878,بابنوسة,11.3305456,27.8095803
Sudan,321503273,المجلد,11.0323699,27.7545176
Sudan,576348786,الدلنج,12.0315831,29.6516649
Sudan,1620604084,مروي,18.4811972,31.8171688
Sudan,1870260644,مليط,14.1394199,25.5504429
Sudan,1895967608,أبو جبيهة,11.4646721,31.2339838
Sudan,1950229972,أبو حمد,19.5378928,33.3248471
Sudan,1958038093,عبري,20.7930384,30.3406751
Sudan,1958047978,كرمة,19.593098,30.4091017
Sudan,1977780575,الدويم,13.997187,32.30946
Sudan,1980789690,أم درمان,15.6445536,32.4777311
Sudan,2090798224,NA,11.6746838,25.7015154
Sudan,2116631186,المناقل,14.2467437,32.9858537
Sudan,2146406946,تلودي,10.6326436,30.3793795
Sudan,2373597402,النهود,12.692159,28.422103
Sudan,2373597639,ود بندة,13.0931468,27.9432003
Sudan,2374654672,بارا,13.6968325,30.3703697
Sudan,2392785625,NA,13.540079,26.9337863
Sudan,2574072000,بورام,10.8616617,25.1583291
Sudan,2597933459,بوط,11.4210555,33.385474
Sudan,2655669111,المزموم,12.2724838,33.5408281
Sudan,2655669439,القرابين,12.1159815,33.8163017
Sudan,2655669549,اقدي,11.8056389,34.0754246
Sudan,2932393524,تينا,15.0177073,22.8185665
Sudan,2955411569,تمبول,14.9267897,33.422566
Sudan,2971608212,جبيت,18.952248,36.834481
Sudan,2983364451,سنكات,18.8379764,36.8364825
Sudan,3121562429,الحواتة,13.4176259,34.6336766
Sudan,3310640105,السوكي,13.3246176,33.8904559
Sudan,3313215531,سنجة,13.1440522,33.9283527
Sudan,3313277604,ود النيل,12.513909,34.1123314
Sudan,3313281455,"الدندر ,القويسي",13.3342503,34.0869653
Sudan,3396917409,أروما,15.8099977,36.1365693
Sudan,3992349935,الدالي,12.866116,33.4133374
Sudan,3992350981,NA,13.0404907,32.9301557
Sudan,3992374366,الجبلين,12.5949867,32.8088318
Sudan,4002925136,Wedabok,11.3696821,33.6404403
Sudan,4116845005,القولد,18.5046499,30.6330833
Sudan,4309767703,أبو دليق,15.8990206,33.8087818
Sudan,5330580005,NA,13.9019509,29.3213725
Sudan,5838095352,الفولة,11.7104852,28.3448982
Sudan,6201908251,جبرة الشيخ,14.5597528,30.7522666
Uganda,293918338,Mbarara,-0.6109532,30.6533047
Uganda,294001835,Mukono,0.3689136,32.7348393
Uganda,294001845,Jinja,0.4353036,33.2055568
Uganda,304491931,Mbale,1.0711896,34.1749506
Uganda,304816313,Gulu,2.770239,32.3044273
Uganda,305377332,Lira,2.2456918,32.896244
Uganda,309083090,Hoima,1.430976,31.352512
Uganda,311733271,Iganga,0.6154854,33.4794594
Uganda,311747244,Fort Portal,0.6561907,30.2779432
Uganda,311748711,Masaka,-0.3390264,31.7465839
Uganda,773119937,Kampala,0.3177137,32.5813539
Uganda,1217463192,Mityana,0.4020509,32.0450101
Uganda,1277061228,Masindi,1.6852537,31.7205937
Uganda,1429946815,Busia,0.4675812,34.0904896
Uganda,1999485035,Arua,3.0225076,30.9104823
Uganda,2099387574,Entebbe,0.0611715,32.4698564
Uganda,2163191058,Kira,0.4003408,32.6391845
Uganda,2229121881,Njeru,0.4307,33.1503623
Uganda,2685125666,Kasese,0.1723707,30.085695
Uganda,3227589041,Wakiso,0.3985735,32.4800899
Uganda,3500961528,Nansana,0.365816,32.529226
Uganda,3983937285,Kanoni,0.1726457,31.9064746
Uganda,3984083146,Yumbe,3.4674131,31.2458678
Uganda,3984705258,Bukwo,1.2889893,34.7409504
Uganda,4042798428,Mpigi,0.2283313,32.3198552
Tanzania,27565027,Dar es Salaam,-6.8160837,39.2803583
Tanzania,60729278,Kigoma,-4.8766994,29.6367154
Tanzania,87841198,Dodoma,-6.1791181,35.7468174
Tanzania,252592807,Morogoro,-6.8161626,37.6693891
Tanzania,255590043,Tabora,-5.0202431,32.8097724
Tanzania,255591375,Shinyanga,-3.6562049,33.4271153
Tanzania,255594923,Mbeya,-8.906508,33.468672
Tanzania,255602805,Moshi,-3.3486456,37.3435249
Tanzania,255603098,Arusha,-3.3696827,36.6880794
Tanzania,255615843,Tanga,-5.0721976,39.0993457
Tanzania,258160432,Songea,-10.6787282,35.6483576
Tanzania,258162316,Mtwara,-10.28112,40.181341
Tanzania,258165920,Bukoba,-1.3311508,31.8125605
Tanzania,259711489,Musoma,-1.4998186,33.8083018
Tanzania,262095995,Sumbawanga,-7.9523861,31.6231898
Tanzania,3320526612,Zanzibar City,-6.1664908,39.2074312
Tanzania,4665446005,NA,-5.0094744,31.9267361
Tanzania,5525015258,Kigadye,-4.0611396,30.2649951
Tanzania,5580670781,Mwanza,-2.5176241,32.8984523
Zambia,27564994,Lusaka,-15.4164488,28.2821535
Zambia,89085357,Livingstone,-17.853135,25.861429
Zambia,294557750,Chipata,-13.6369203,32.6491929
Zambia,315260631,Ndola,-12.9693056,28.6365894
Zambia,435774678,Luanshya,-13.1383264,28.4179933
Zambia,1164704713,Kitwe,-12.8104186,28.2068361
Zimbabwe,252622793,Kwekwe,-18.9284366,29.8140035
Zimbabwe,253129357,Masvingo,-20.0720142,30.8341936
Zimbabwe,253192754,Gweru,-19.4616316,29.8205953
Zimbabwe,253237975,Mutare,-18.974656,32.670473
Zimbabwe,253241617,Kadoma,-18.3374033,29.9135021
Zimbabwe,282335934,Harare,-17.831773,31.045686
Zimbabwe,3049269847,Chitungwiza,-18.0143462,31.0726737
Angola,27564941,Luanda,-8.8272699,13.2439512
Angola,279009752,Cabinda,-5.5576435,12.1919468
Angola,279010032,Huambo,-12.7765392,15.7320468
Angola,279010261,Lubango,-14.9195371,13.4898109
Angola,279010365,Kuito,-12.3831319,16.9425484
Angola,279010432,Malanje,-9.5438758,16.3475095
Angola,279010461,Lobito,-12.3506867,13.5464318
Angola,279010696,Uíge,-7.6117323,15.0563515
Angola,293386732,Saurimo,-9.6589303,20.3981118
Angola,331385964,Sumbe,-11.2019365,13.8396845
Angola,331385969,Benguela,-12.5790048,13.4037117
Angola,331386368,Namibe,-15.1901576,12.1530839
Angola,331392785,Ondjiva,-17.0705234,15.7280115
Angola,349039206,Luena,-11.7790355,19.9122676
Angola,668065028,Lucapa,-8.4195244,20.7410918
Angola,668130569,Menongue,-14.6610713,17.6820336
Angola,668897842,M'banza Congo,-6.2678204,14.2417957
Angola,669059480,N'dalatando,-9.2984831,14.9144981
Angola,2178050430,Gulungo-Alto,-9.1386587,14.7734467
Cameroon,247716907,Kumbo,6.2108889,10.6867788
Cameroon,247717281,Bamenda,5.9614117,10.1516505
Cameroon,248764852,Garoua,9.3070698,13.3934527
Cameroon,250206941,Mora,11.0484189,14.1342057
Cameroon,250346326,Banyo,6.748547,11.8045776
Cameroon,250810233,Kousséri,12.0755638,15.0246194
Cameroon,331130782,Buea,4.1567995,9.2315519
Cameroon,331134393,Kribi,2.9434098,9.9126989
Cameroon,331136682,Yaoundé,3.8689867,11.5213344
Cameroon,732125487,Douala,4.0429408,9.706203
Cameroon,925365962,Maroua,10.60322,14.3280937
Cameroon,928414928,Ebolowa,2.919441,11.151682
Cameroon,929334616,Kumba,4.6378368,9.4409446
Cameroon,930397734,Bogo,10.73511,14.609944
Cameroon,943248746,Sangmélima,2.936176,11.975646
Cameroon,1809741111,Bafoussam,5.4758083,10.4215565
Cameroon,2107670862,Mokolo,10.74103,13.798742
Cameroon,2153352914,Mbalmayo,3.515197,11.503114
Cameroon,2504142377,Ngaoundéré,7.3211962,13.5877302
Cameroon,3017030725,Lagdo,9.0574802,13.6653588
Cameroon,3193669604,Bertoua,4.5777265,13.6844409
Cameroon,3421666568,Bafia,4.7399331,11.2205928
Cameroon,3958091027,Kaele,10.1095738,14.446062
Cameroon,5754113559,Maroua,10.6033565,14.3280903
Central African Republic,27564988,Bangui,4.3907153,18.5509126
Central African Republic,250989208,Berbérati,4.2593379,15.7877826
Central African Republic,251879395,Sibut,5.7350828,19.0850538
Central African Republic,264012339,Bria,6.5428919,21.9871043
Central African Republic,264013863,Grimari,5.740166,20.0580918
Central African Republic,321486731,Birao,10.2961965,22.7809907
Central African Republic,621872407,Mobaye,4.3253631,21.1778256
Central African Republic,931680358,Bozoum,6.3147379,16.3806392
Central African Republic,931715337,Bossangoa,6.4986269,17.4501142
Central African Republic,1882249894,Mbaïki,3.8728278,17.9860847
Central African Republic,2062772404,N'Délé,8.4111477,20.648473
Central African Republic,2073724254,Kaga-Bandoro,6.9993145,19.182305
Central African Republic,2133811488,Dimbi,4.6227632,21.7267662
Central African Republic,2278046170,Bimbo,4.3325548,18.5250512
Central African Republic,2294658765,Bocaranga,6.995897,15.638835
Central African Republic,2294681219,Paoua,7.2407,16.432496
Central African Republic,2590664233,Baoro,5.694576,15.953318
Central African Republic,2707959938,Bangassou,4.743526,22.8232963
Central African Republic,2845786546,Nola,3.5224201,16.0535833
Central African Republic,2865088562,Obo,5.3940869,26.4927242
Central African Republic,4680378478,Bambari,5.767948,20.675651
Chad,27565022,N'Djaména انجمينا,12.1191543,15.0502758
Chad,150384326,Abéché أبشي,13.8280295,20.8283652
Chad,150545728,Oum Hadjer أم هاجر,13.2937546,19.6889527
Chad,150545850,Ati أتي,13.2125691,18.3396857
Chad,322037986,Am Timan أم تيمان,11.0396368,20.2826429
Chad,322044775,Mongo مونقو,12.1842561,18.6842092
Chad,360163529,Sarh صارح,9.1406471,18.3937969
Chad,469211942,Mao ماو,14.1234161,15.3108471
Chad,469212727,Bol بول,13.4676491,14.714412
Chad,811383246,Moundou موندو,8.5654637,16.073831
Chad,1423833038,مويسالا Moïssala,8.3380154,17.7652816
Chad,2083909814,مخيم لاجئين اوري كاسوني,15.7120662,23.0499269
Chad,2087828617,مخيم لاجئين إريديمي,15.1225226,22.1299383
Chad,2093484889,مخيم قوز عامر,12.0024891,21.7415445
Chad,4518664776,Ləre ليري,9.6587382,14.225115
Chad,4579254484,مخيم لاجئين تريقين,13.4383284,21.6483099
Chad,4579254485,مخيم لاجئين  بريجينك,13.4728067,21.6987738
Chad,4579254486,مخيم لاجئين فرشنا,13.5953711,21.7960218
Chad,4579370727,غيريدا Guereda,14.5094771,22.0857945
Chad,4579396289,أركوم Arkoum,13.1958284,21.7072955
Chad,4579448703,حاجر حديد Hadjer Hadid,13.4405356,21.663167
Chad,4579454758,مخيم لاجئين غاغا,13.7650286,21.4534616
Chad,4579484106,أم زوير Am Zoer,14.2172204,21.3854387
Chad,4579553389,مخيم لاجئين كونوغو,14.4601651,21.9401915
Chad,4579587345,مخيم لاجئين أم نباك,14.7990803,22.3410537
Chad,4579601911,مخيم لاجئين تولوم,15.0019068,22.2689811
Chad,4579669621,مخيم لاجئين ميلي,14.5947775,21.9262234
Chad,4580784745,ماتاجانا Matadjana,15.174022,21.5780504
Chad,4614227579,مخيم اللاجئين دار السلام,13.622518,14.3031263
Chad,5032149185,NA,15.2985289,15.2256989
Congo-Brazzaville,250884373,Ouésso,1.6105452,16.0513456
Congo-Brazzaville,435903633,Brazzaville,-4.2694407,15.2712256
Congo-Brazzaville,619897914,Dolisie,-4.2005398,12.6791573
Congo-Brazzaville,620439732,Impfondo,1.6187416,18.0623499
Congo-Brazzaville,928167493,Sibiti,-3.6850291,13.3510357
Congo-Brazzaville,2448258134,Pointe-Noire,-4.7975373,11.8503297
Congo-Brazzaville,3300968249,Ouesso,1.6096545,16.0460509
Congo-Brazzaville,5650165756,Liranga,-0.6621466,17.6107531
Congo-Brazzaville,6056158304,Mouale,3.3750763,17.1774781
Equatorial Guinea,251608438,Bata,1.8650897,9.768665
Equatorial Guinea,292521364,Malabo,3.752828,8.780061
Equatorial Guinea,520140660,Ebebiyín,2.1537363,11.3370815
Equatorial Guinea,667651748,Mongomo,1.626164,11.311975
Gabon,27565068,Libreville,0.390002,9.454001
Gabon,254528943,Franceville,-1.634363,13.589513
Gabon,339582598,Port-Gentil,-0.7149116,8.7797434
Gabon,3013074953,Sangala,-1.7057965,10.3886503
Botswana,30670040,Gaborone,-24.655319,25.908728
Botswana,240504014,Francistown,-21.16636,27.502515
Botswana,261633728,Maun,-19.9860951,23.4224352
Botswana,261638559,Ghanzi,-21.6989682,21.6452408
Botswana,287378072,Kanye,-24.9766112,25.3358859
Botswana,287641418,Serowe,-22.39776,26.703289
Botswana,1456560429,Mochudi,-24.3828605,26.1489495
Botswana,2454873275,Tsabong,-26.021746,22.401006
Lesotho,30656833,Maseru,-29.310054,27.478222
Namibia,33364833,Windhoek,-22.5744184,17.0791233
Namibia,33364834,Walvis Bay,-22.9543269,14.50748
Namibia,33364835,Swakopmund,-22.6767841,14.5313988
Namibia,33364950,Gobabis,-22.4495283,18.9724666
Namibia,243717016,Okahandja,-21.979231,16.9128172
Namibia,245023717,Otjiwarongo,-20.4638006,16.6493242
Namibia,259003379,Opuwo,-18.0558843,13.8370701
Namibia,259490969,Oshakati,-17.7834339,15.7002428
Namibia,259609505,Rundu,-17.9136037,19.7666849
Namibia,331410669,Katima Mulilo,-17.502934,24.2813141
Namibia,1362633207,Outapi,-17.5046361,14.9865165
South Africa,25470100,Port Elizabeth,-33.9617051,25.6207519
South Africa,25503669,Pretoria,-25.7459374,28.1879444
South Africa,26417322,Roodepoort,-26.1563889,27.8858333
South Africa,26938845,Bloemfontein,-29.116395,26.215496
South Africa,27564996,Durban,-29.861825,31.009909
South Africa,27565050,Soweto,-26.2227778,27.89
South Africa,28385456,Secunda,-26.516111,29.202778
South Africa,30211383,East London,-33.0191604,27.8998573
South Africa,30211844,Pietermaritzburg,-29.6,30.3788889
South Africa,30211883,Mbombela (Nelspruit),-25.481944,30.984722
South Africa,30225789,Richards Bay,-28.7707857,32.0577775
South Africa,30229877,Makhanda (Grahamstown),-33.3070589,26.5272648
South Africa,30324159,Emalahleni,-25.8763485,29.2010447
South Africa,30391852,Louis Trichardt,-23.038326,29.906665
South Africa,30391973,Rustenburg,-25.665655,27.241448
South Africa,30670036,Botshabelo,-29.232412,26.733255
South Africa,30670039,Newcastle,-27.762778,29.923889
South Africa,32675806,Cape Town,-33.928992,18.417396
South Africa,33364951,Upington,-28.456325,21.241867
South Africa,35960525,Vereeniging,-26.6747222,27.9261111
South Africa,48912418,Musina,-22.3453519,30.0268526
South Africa,51745922,Ladysmith,-28.551944,29.778333
South Africa,52132483,Mokopane,-24.183333,29.016667
South Africa,59953738,Mafikeng,-25.863611,25.658611
South Africa,59965613,Klerksdorp,-26.8625383,26.6656814
South Africa,60034262,Krugersdorp,-26.095556,27.775556
South Africa,261833893,Johannesburg,-26.205,28.049722
South Africa,262721987,Randburg,-26.096111,27.975
South Africa,262722333,Mthatha,-31.589075,28.789145
South Africa,304577692,Polokwane,-23.9058333,29.4613889
South Africa,1375502866,Thaba Nchu,-29.197875,26.832217
South Africa,2269464860,Welkom,-27.982298,26.737969
South Africa,3691546096,Kimberley,-28.7383012,24.7642251
South Africa,5283928101,Sandton,-26.1045525,28.0545147
Benin,308813067,Parakou,9.3400159,2.6278258
Benin,313015821,Ouidah,6.3666147,2.0853599
Benin,313015845,Abomey,7.1820012,1.993632
Benin,313015848,Djougou,9.7106683,1.6651614
Benin,313015871,Nikki,9.9363383,3.2085658
Benin,442134145,Bassila,9.0029362,1.6648193
Benin,459525150,Banikoara,11.3004241,2.4370752
Benin,496133867,Kouandé,10.3321794,1.6919847
Benin,496140932,Malanville,11.8605581,3.3878914
Benin,496262977,Bohicon,7.1816331,2.0695683
Benin,496264781,Aplahoué,6.9489244,1.7041012
Benin,496265045,Dogbo-Tota,6.801846,1.7815205
Benin,1660451359,Abomey-Calavi,6.4538637,2.354245
Benin,1669842684,Porto-Novo,6.4990718,2.6253361
Benin,1776467369,Cotonou,6.3676953,2.4252507
Benin,2071065504,N'Dali,9.8623372,2.7197361
Benin,2071888096,Natitingou,10.3051511,1.3808554
Benin,2248036954,Dassa-Zoumé,7.7815402,2.183606
Benin,2282827069,Savalou,7.9297324,1.9780951
Benin,2304828846,Kandi,11.1298923,2.9341847
Benin,2304867251,Lokossa,6.6458524,1.7171404
Benin,2304872572,Sakété,6.7377567,2.6551566
Benin,2313207442,Allada,6.6658411,2.1511876
Benin,2313302870,Kétou,7.3604193,2.6024222
Benin,2313302871,Pobè,6.9820238,2.666791
Benin,2466409594,Tchaourou,8.8890368,2.5979373
Burkina Faso,27565002,Ouagadougou,12.368148,-1.527085
Burkina Faso,257506849,Bobo-Dioulasso,11.1757783,-4.2957591
Burkina Faso,302737807,Banfora,10.642703,-4.752639
Cape Verde,28094953,Espargos,16.7553023,-22.9462172
Cape Verde,28095099,Praia,14.9160169,-23.5096132
Cape Verde,146154210,Mindelo,16.8874145,-24.9863842
Cape Verde,255095550,São Filipe,14.8952963,-24.4969361
Cape Verde,255856894,Mosteiros,15.0347257,-24.3277421
Cape Verde,992952233,Porto Novo,17.0189775,-25.065316
Cape Verde,1207428485,Nova Sintra,14.871066,-24.6956479
Cape Verde,2505326925,Ribeira Brava,16.6156821,-24.298231
Côte d'Ivoire,27565008,Bouaké,7.6906058,-5.0298408
Côte d'Ivoire,243642619,San-Pédro,4.7581592,-6.641549
Côte d'Ivoire,243777009,Le Plateau,5.328049,-4.021246
Côte d'Ivoire,243777012,Cocody,5.357367,-3.994934
Côte d'Ivoire,243777014,Yopougon,5.335194,-4.075756
Côte d'Ivoire,244527828,Adjamé,5.3531211,-4.0222008
Côte d'Ivoire,319225774,Yamoussoukro,6.809107,-5.273263
Côte d'Ivoire,443389991,Divo,5.8294045,-5.3592251
Côte d'Ivoire,443393778,Oumé,6.3823941,-5.4175714
Côte d'Ivoire,443395221,Gagnoa,6.1329749,-5.9517697
Côte d'Ivoire,489212182,Attécoubé,5.3510863,-4.0353547
Côte d'Ivoire,489212186,Koumassi,5.2922646,-3.9593126
Côte d'Ivoire,489212197,Port-Bouët,5.256881,-3.958626
Côte d'Ivoire,489212228,Abobo,5.435487,-4.029007
Côte d'Ivoire,1046100133,Abidjan,5.320357,-4.016107
Côte d'Ivoire,1225859428,Anyama,5.4958898,-4.056921
Côte d'Ivoire,1597912529,Daloa,6.8766904,-6.4516096
Côte d'Ivoire,1597913597,Man,7.4090813,-7.5501702
Côte d'Ivoire,1599891204,Soubré,5.7852673,-6.5928329
Côte d'Ivoire,1599959917,Korhogo,9.4574719,-5.6342471
Côte d'Ivoire,2189893258,Abengourou,6.7269042,-3.4968431
Côte d'Ivoire,2519977357,Marcory,5.303612,-3.985395
Côte d'Ivoire,2519977362,Treichville,5.3060059,-4.0081093
Côte d'Ivoire,2721007532,Agboville,5.931283,-4.2106525
Gambia,495132694,Serrekunda,13.438762,-16.674807
Ghana,27565080,Accra,5.5600141,-0.2057437
Ghana,30933440,Tamale,9.4043366,-0.8430289
Ghana,132021012,Takoradi,4.887401,-1.7519316
Ghana,261702404,Kumasi,6.698081,-1.6230404
Ghana,330058453,Wa,10.0645894,-2.5059503
Ghana,330232703,Techiman,7.584971,-1.936401
Ghana,735505132,Tema,5.6596441,-0.0096592
Ghana,892162451,Koforidua,6.1104472,-0.2673795
Ghana,990129709,Cape Coast,5.107467,-1.2430793
Ghana,1546904137,Ashaiman,5.694385,-0.029529
Ghana,2026026298,Sunyani,7.3384389,-2.3309226
Ghana,4293849752,Obuasi,6.2116833,-1.689611
Ghana,4563088958,Sekondi-Takoradi,4.927456,-1.7490216
Guinea,27565062,Conakry,9.5170602,-13.6998434
Guinea,321543441,N'Zérékoré,7.7574322,-8.8174807
Guinea,321593853,Kamsar,10.6639752,-14.5852808
Guinea,321619916,Fria,10.363036,-13.581185
Guinea,321619934,Pita,11.0564638,-12.3950499
Guinea,462036776,Coyah,9.709041,-13.388956
Guinea,1847720468,Boke,10.952242,-14.2760635
Guinea,1864868794,Guéckédou,8.561649,-10.132821
Guinea,1979210557,Kindia,10.0492476,-12.8577997
Guinea,2173041746,Mamou,10.374074,-12.08356
Guinea,2574288470,Macenta,8.545846,-9.46792
Guinea,2742050596,Kissidougou,9.192389,-10.098269
Guinea,2944568131,Labé,11.3230033,-12.282253
Guinea,5724319639,Kankan,10.3835169,-9.3069354
Guinea,5884589285,Sité Kaléta,10.4450233,-13.2731583
Guinea-Bissau,254525765,Bissau,11.861324,-15.583055
Guinea-Bissau,1562926028,Mansôa,12.06661,-15.316344
Liberia,27564980,Monrovia,6.328034,-10.797788
Mali,27564954,Bamako,12.649319,-8.000337
Mali,89381749,Tombouctou,16.7719091,-3.0087272
Mali,89918976,Gao,16.2788129,-0.0412392
Mali,89942783,Sikasso,11.3164979,-5.6777499
Mali,277932033,Kayes,14.443406,-11.437914
Mali,277943923,Koutiala,12.3869501,-5.4600937
Mali,277945591,Koulikoro,12.8646318,-7.5561287
Mali,1703670519,Kita,13.035034,-9.485395
Mali,1717464540,Mopti,14.4879631,-4.1905986
Mali,1717506745,Ségou,13.441518,-6.268147
Mali,2032098356,Kidal,18.4408358,1.4075395
Mauritania,249165824,نواذيبو,20.9131304,-17.0501015
Mauritania,249166495,نواكشوط,18.0792379,-15.9780071
Mauritania,330423418,كيفة,16.6161559,-11.4002038
Mauritania,330457384,ألاك,17.0527177,-13.9152949
Mauritania,330511654,أطار,20.5182772,-13.0543754
Mauritania,2382418992,تيشيت‎‎,18.444062,-9.493115
Mauritania,4514383551,وادي الناقة,17.9659462,-15.5187897
Mauritania,5012545476,مال,16.9537741,-13.3792618
Niger,27564937,Niamey,13.524834,2.109823
Niger,256505236,Dosso,13.0496369,3.1944647
Niger,277867792,Agadez,16.972556,7.990739
Niger,277873430,Zinder,13.8063421,8.9891659
Niger,277875981,Maradi,13.501206,7.102534
Niger,277879751,Tahoua,14.889922,5.262149
Niger,277882803,Arlit,18.739079,7.393331
Niger,277884156,Tessaoua,13.755513,7.990456
Niger,277887604,Madaoua,14.0708,5.9553
Niger,277887775,Mayahi,13.953305,7.672419
Niger,277888774,Diffa ديفا,13.3130749,12.6136611
Niger,277889093,Téra,14.006992,0.756183
Niger,277930050,Magaria,13.000948,8.908935
Niger,464556985,Tanout,14.97119,8.878363
Niger,464569214,Aguié,13.5009617,7.7759347
Niger,464592048,Maïné-Soroa,13.2151567,12.0280819
Niger,473690565,Birni N'Konni,13.791612,5.24779
Niger,473693174,Kaora Abdou,14.4529402,5.6603267
Nigeria,27565005,Warri,5.517,5.75
Nigeria,27565036,Oyo,7.8410537,3.9315363
Nigeria,27565054,Ogbomosho,8.133,4.25
Nigeria,27565065,Port Harcourt,4.7676576,7.0188527
Nigeria,27565089,Ilorin,8.4963657,4.5480484
Nigeria,27565091,Kaduna,10.5182899,7.4359863
Nigeria,27565107,Enugu,6.4499833,7.5000007
Nigeria,27565109,Abeokuta,7.161,3.348
Nigeria,27565111,Maiduguri,11.8395375,13.1536214
Nigeria,27565124,Lagos,6.4550575,3.3941795
Nigeria,31203257,Abuja,9.0643305,7.4892974
Nigeria,251608378,Calabar,4.9795999,8.3373597
Nigeria,255322295,Potiskum,11.7122553,11.0762744
Nigeria,255425308,Bauchi,10.3147618,9.8454417
Nigeria,312045158,Makurdi,7.7312634,8.538425
Nigeria,317967219,Lafia,8.4960459,8.5147636
Nigeria,501193829,Uyo,5.0322447,7.924791
Nigeria,501330380,Sagamu,6.8477165,3.6440551
Nigeria,501331784,Gashua,12.8728546,11.0387809
Nigeria,501388581,Zaria,11.1134917,7.7188449
Nigeria,501406200,Lafia,9.6519332,11.8176813
Nigeria,501429659,Ejigbo,7.9,4.316667
Nigeria,501430512,Hadejia,12.4526098,10.0418934
Nigeria,501430762,Guri,12.7284315,10.4197948
Nigeria,501464113,Jakusko,12.3691,10.7744631
Nigeria,501464391,Geidam,12.8952043,11.9264702
Nigeria,501464929,Owo,7.1962012,5.5868016
Nigeria,501473219,Jimeta,9.2807951,12.4397493
Nigeria,501480960,Mubi,10.267607,13.264359
Nigeria,501482915,Sapele,5.894053,5.67666
Nigeria,501483970,Ikorodu,6.6191233,3.5041271
Nigeria,501485612,Ife,7.481356,4.551406
Nigeria,501486785,Otukpo,7.1912599,8.1328576
Nigeria,501490428,Wukari,7.8705196,9.7775523
Nigeria,501493596,Biu,10.6146098,12.1909612
Nigeria,501496491,Ijebu-Ode,6.8140077,3.9151668
Nigeria,501503239,Deba,10.2100034,11.386921
Nigeria,501516317,Ikot Ekpene,5.181975,7.7132177
Nigeria,501517317,Bida,9.083333,6.016667
Nigeria,501517702,Aba,5.112735,7.364349
Nigeria,501520228,Ijagbo Offa,8.1560008,4.7227435
Nigeria,501522187,Oka-Akoko,7.4586389,5.8030777
Nigeria,501540880,Kano,11.9918671,8.5303654
Nigeria,501540886,Gombe,10.2840667,11.1652683
Nigeria,501540896,Osogbo,7.7791666,4.5538891
Nigeria,501540901,Yola,9.2564642,12.4492681
Nigeria,501540902,Jos,9.9175125,8.8979401
Nigeria,501540903,Abakaliki,6.3208897,8.1133202
Nigeria,501540904,Sokoto,13.0610588,5.2373194
Nigeria,501540913,Ado Ekiti,7.6232482,5.22274
Nigeria,501540926,Akure,7.2525595,5.1932647
Nigeria,501540935,Awka,6.2100945,7.0741145
Nigeria,625740529,Minna,9.6187093,6.5475752
Nigeria,2149000430,Benin City,6.3330586,5.6221058
Nigeria,2469246094,Owerri,5.489736,7.0341973
Nigeria,2841325913,Umuahia,5.5289005,7.4991542
Nigeria,4982490977,Ibadan,7.3777462,3.8972497
Nigeria,5232601618,Onitsha,6.133234,6.792318
Nigeria,5456668848,Jalingo,8.8922057,11.3760132
Senegal,27565045,Dakar,14.693425,-17.447938
Senegal,249167293,Saint-Louis,16.0280445,-16.5048686
Senegal,249742121,Diourbel,14.654562,-16.227822
Senegal,249742347,Fatick,14.333965,-16.404219
Senegal,249743823,Louga,15.6119765,-16.2230683
Senegal,249744836,Tambacounda,13.7692585,-13.6682901
Senegal,281170836,Rufisque,14.716417,-17.273844
Senegal,281171041,Pikine,14.751544,-17.396413
Senegal,286752859,MBour,14.411794,-16.9657124
Senegal,293437934,Touba,14.864559,-15.876047
Senegal,351540931,Madina Gounass,13.1388856,-13.7601374
Senegal,671824694,Thiès,14.791461,-16.925605
Senegal,1158142391,Guédiawaye,14.7771207,-17.390071
Senegal,1917652469,Bignona,12.801133,-16.22897
Senegal,2251183429,Koungheul,13.979578,-14.803538
Senegal,3329033430,Kaolack,14.138815,-16.076391
Senegal,4271813664,Parcelles Assainies,14.7594072,-17.4384546
Senegal,5903953012,Dakar,14.693425,-17.447938
Sierra Leone,27565056,Freetown,8.479004,-13.26795
Sierra Leone,314001434,Bo,7.962065,-11.73665
Sierra Leone,314005602,Kenema,7.885936,-11.18639
Sierra Leone,314007819,Koidu,8.642281,-10.971631
Sierra Leone,320058940,Kambia,9.125073,-12.919337
Sierra Leone,437337175,Makeni,8.88474,-12.04912
Sierra Leone,2132436578,Waterloo,8.338977,-13.069573
Togo,279670201,Dapaong,10.8595454,0.2043122
Togo,279670448,Sansanné-Mango,10.3571911,0.4768865
Togo,1919282943,Tsévié,6.423115,1.2104692
Togo,1947278732,Kpalimé,6.9106076,0.632045
Togo,1952227085,Sokodé,8.9833194,1.1438149
Togo,2195276463,Lomé,6.130419,1.215829
Togo,2516231661,Kara,9.548767,1.1980859
Togo,4409324516,Atakpamé,7.5320603,1.1219479
