Country,City,Id,lat,lon
Algeria,Constantine,27564946,36.364519,6.60826
Algeria,Oran,27565103,35.7032751,-0.6492976
Algeria,Tizi Ouzou,253292160,36.7137843,4.0493919
Algeria,El Oued,262963217,33.3611766,6.8603492
Algeria,Touggourt,262964638,33.1098968,6.066102
Algeria,Laghouat,264573224,33.8063518,2.8808616
Algeria,Bou SaÃ¢da,274946937,35.2133123,4.1809702
Algeria,Kouba,288387133,36.7337682,3.0861789
Algeria,MÃ©dÃ©a,288417925,36.265344,2.766957
Algeria,Blida,288418022,36.4701645,2.8287985
Algeria,Bordj Bou Arreridj,291964008,36.0735398,4.760492
Algeria,BÃ©jaÃ¯a,291964314,36.750756,5.0647
Algeria,Alger,299617915,36.775348,3.060065
Algeria,Annaba,299618513,36.8982165,7.7549272
Algeria,Batna,299619085,35.554404,6.1767453
Algeria,Chlef,299680100,36.164592,1.331499
Algeria,Djelfa,299681006,34.671359,3.254037
Algeria,Sidi Bel Abbes,299682062,35.191069,-0.634632
Algeria,Biskra,299682811,34.8508508,5.7286878
Algeria,TÃ©bessa,299683227,35.4035956,8.1212322
Algeria,Tiaret,299684626,35.3661448,1.3194687
Algeria,Skikda,299692217,36.879882,6.907485
Algeria,BÃ©char,299695849,31.6170177,-2.2171276
Algeria,Souk Ahras,299698224,36.284832,7.9515466
Algeria,Mostaganem,299699468,35.928808,0.089978
Algeria,M'Sila,299700319,35.7087553,4.5371552
Algeria,El Eulma,299701636,36.1529057,5.6911588
Algeria,Khenchela,299702563,35.430154,7.145711
Algeria,SaÃ¯da,299822267,34.8416405,0.1509912
Algeria,Guelma,299824735,36.465084,7.430647
Algeria,Relizane,299825178,35.7381193,0.5547673
Algeria,Barika,299833893,35.3845042,5.3705996
Algeria,Les Eucalyptus,316393181,36.6567143,3.1472616
Algeria,Mecheria,424101403,33.5428415,-0.2750524
Algeria,Maghnia,439911514,34.847199,-1.729658
Algeria,Aflou,441464361,34.11252,2.10029
Algeria,Hammamet,442686678,35.4493578,7.9506234
Algeria,AÃ¯n BeÃ¯da,442688335,35.7952839,7.3894346
Algeria,Bir El Ater,443012382,34.7441882,8.0584012
Algeria,Bir El Djir,810749504,35.719874,-0.5675118
Algeria,Jijel,1941427461,36.8167305,5.771494
Algeria,MessÃ¢ad,3087947095,34.1538348,3.4958059
Algeria,Tlemcen,3110093634,34.881789,-1.316699
Algeria,GhardaÃ¯a,3475248415,32.485855,3.677104
Algeria,Ouargla,3869219093,31.94467,5.320958
Algeria,AÃ¯n Oussara,3870606925,35.4492582,2.9071065
Algeria,SÃ©tif,4306315224,36.1894747,5.4046663
Algeria,Mascara,5300225730,35.394081,0.1379568
Egypt,Ø¯Ù‡Ø¨,27043265,28.4963633,34.5145652
Egypt,Ø§Ù„ØºØ±Ø¯Ù‚Ø©,27084072,27.2405016,33.8267842
Egypt,Ù…Ø±Ø³Ù‰ Ø¹Ù„Ù…,27135821,25.069992,34.893817
Egypt,Ø§Ù„Ù‚ØµÙŠØ±,27136155,26.1074544,34.2722393
Egypt,Ø³ÙØ§Ø¬Ø§â€â€,27136248,26.7633325,33.9383817
Egypt,Ø§Ù„Ø³ÙˆÙŠØ³,27564966,29.974498,32.537086
Egypt,Ø¨ÙˆØ±Ø³Ø¹ÙŠØ¯,27564975,31.263235,32.305505
Egypt,Ø§Ù„Ø¥Ø³ÙƒÙ†Ø¯Ø±ÙŠØ©,27565020,31.199004,29.894378
Egypt,Ø§Ù„Ø¬ÙŠØ²Ø©,27565120,30.0170059,31.2134513
Egypt,Ø±Ø£Ø³ Ø³Ø¯Ø±,29555531,29.593487,32.718536
Egypt,Ø²Ø¹ÙØ±Ø§Ù†Ø©,29597395,29.1119075,32.6592486
Egypt,Ø¨Ù†Ù‡Ø§,31353319,30.4624974,31.184063
Egypt,Ø§Ù„Ù…Ù†ØµÙˆØ±Ø©,31582434,31.037566,31.38649
Egypt,Ø§Ù„Ù…Ø­Ù„Ø© Ø§Ù„ÙƒØ¨Ø±Ù‰,31582451,30.9723517,31.1683002
Egypt,Ù†Ø®Ù„,248035196,29.9114539,33.7459874
Egypt,Ø§Ù„Ù‚Ø§Ù‡Ø±Ø©,271613766,30.048819,31.243666
Egypt,Ø¯Ù…ÙŠØ§Ø·,295029548,31.4167427,31.8213657
Egypt,Ø´Ù„Ø§ØªÙŠÙ†,296193469,23.1061832,35.5639423
Egypt,Ø§Ù„Ø²Ù‚Ø§Ø²ÙŠÙ‚â€,299498464,30.5853431,31.5035127
Egypt,Ø¯Ù…Ù†Ù‡ÙˆØ±,299499376,31.0374982,30.4710625
Egypt,Ù‚Ù†Ø§,299501065,26.1615051,32.7182974
Egypt,Ù…Ø¯ÙŠÙ†Ø© Ø§Ù„Ø³Ø§Ø¯Ø³ Ù…Ù† Ø£ÙƒØªÙˆØ¨Ø±,299523927,29.9723458,30.9409205
Egypt,Ø´Ø¨ÙŠÙ† Ø§Ù„ÙƒÙˆÙ…,299527803,30.5545106,31.0097923
Egypt,Ù…Ø±Ø³Ù‰ Ù…Ø·Ø±ÙˆØ­â€,299546351,31.3528567,27.2395262
Egypt,Ø¯Ø³ÙˆÙ‚â€,299569447,31.128233,30.646198
Egypt,Ø£Ø¨Ùˆ ÙƒØ¨ÙŠØ±â€,299571747,30.72517,31.6708449
Egypt,Ø§Ù„Ø³Ù„ÙˆÙ…,299612108,31.5516178,25.1542126
Egypt,Ø§Ù„Ø¹Ø¨ÙˆØ±,311994035,30.1914,31.450548
Egypt,ÙˆØ§Ø­Ø© Ø³ÙŠÙˆØ©,324629407,29.2034664,25.5192273
Egypt,Ù…Ø¯ÙŠÙ†Ø© 15 Ù…Ø§ÙŠÙˆ,330190833,29.8320418,31.3647679
Egypt,Ù…Ø¯ÙŠÙ†Ø© Ø§Ù„Ø´ÙŠØ® Ø²Ø§ÙŠØ¯,330194927,30.048347,30.9832235
Egypt,Ø§Ù„ÙˆØ§Ø­Ø§Øª Ø§Ù„Ø®Ø§Ø±Ø¬Ø©,336215777,25.4522583,30.5416007
Egypt,Ù…Ø¯ÙŠÙ†ØªÙ‰,355923104,30.0916925,31.6238026
Egypt,Ø´Ø±Ù… Ø§Ù„Ø´ÙŠØ®,428339450,27.8669082,34.3014551
Egypt,Ø¯Ù…ÙŠØ§Ø· Ø§Ù„Ø¬Ø¯ÙŠØ¯Ø©,665528750,31.4364503,31.678142
Egypt,Ø±Ø£Ø³ Ø¨Ù†Ø§Ø³,767977647,23.9807743,35.415651
Egypt,Ø¨Ø±Ø¬ Ø§Ù„Ø¨Ø±Ù„Ø³,767997839,31.582728,30.9774388
Egypt,Ø§Ù„Ø¹Ù„Ù…ÙŠÙ†,768026937,30.833944,28.949268
Egypt,Ø§Ù„Ù…Ù†ÙŠØ§,768032316,28.096828,30.757578
Egypt,Ø§Ù„ÙÙŠÙˆÙ…,768555545,29.3073841,30.8398896
Egypt,Ø§Ù„Ø·ÙˆØ±,768582192,28.241667,33.623611
Egypt,Ø±Ø£Ø³ ØºØ§Ø±Ø¨,768582279,28.359444,33.077778
Egypt,Ø¨Ù†ÙŠ Ø³ÙˆÙŠÙ,768586066,29.0729812,31.0982562
Egypt,Ø´Ø¨Ø±Ø§ Ø§Ù„Ø®ÙŠÙ…Ø©,768591737,30.128611,31.242222
Egypt,Ø§Ù„Ø¥Ø³Ù…Ø§Ø¹ÙŠÙ„ÙŠØ©,768595872,30.6043775,32.2770825
Egypt,Ø§Ù„Ù‚Ù†Ø·Ø±Ø© ØºØ±Ø¨,768596313,30.8550945,32.3096054
Egypt,Ø§Ù„Ù‚Ù†Ø·Ø±Ø© Ø´Ø±Ù‚,768596321,30.8636259,32.3251656
Egypt,Ø§Ù„Ø¹Ø±ÙŠØ´,768597777,31.1272509,33.8045859
Egypt,Ø£Ø¨Ùˆ Ø²Ù†ÙŠÙ…Ø©,768733590,29.051163,33.104062
Egypt,Ù…Ø¯ÙŠÙ†Ø© Ø§Ù„Ø¹Ø§Ø´Ø± Ù…Ù† Ø±Ù…Ø¶Ø§Ù†,768766246,30.2900096,31.749342
Egypt,Ù†ÙˆÙŠØ¨Ø¹,768799947,29.035,34.661667
Egypt,Ø³ÙŠØ¯Ù‰ Ø¹Ø¨Ø¯ Ø§Ù„Ø±Ø­Ù…Ù†,768812338,30.9651527,28.7432522
Egypt,Ø³ÙˆÙ‡Ø§Ø¬â€,1636218447,26.547748,31.699263
Egypt,Ø£Ø³ÙˆØ§Ù†,1667671341,24.091071,32.897306
Egypt,Ø§Ù„Ø£Ù‚ØµØ±,1667671370,25.702096,32.647186
Egypt,Ù…Ø¯ÙŠÙ†Ø© Ø§Ù„Ø³Ø§Ø¯Ø§Øª,2560112576,30.3720094,30.5214806
Egypt,Ù…Ø¯ÙŠÙ†Ø© ÙƒØ§ØªØ±ÙŠÙ†Ø§,2571558867,28.5675077,33.9535607
Egypt,Ø§Ù„ÙˆØ§Ø­Ø§Øª Ø§Ù„Ø¨Ø­Ø±ÙŠØ©,2662966644,28.3572032,28.862964
Egypt,ÙˆØ§Ø­Ø© Ø§Ù„ÙØ±Ø§ÙØ±Ø©,2662977098,27.0641733,27.9683927
Egypt,Ø§Ù„ÙˆØ§Ø­Ø§Øª Ø§Ù„Ø¯Ø§Ø®Ù„Ø©,2662989689,25.5120622,29.2581601
Egypt,â€Ø·Ù†Ø·Ø§,2742102194,30.7833666,30.9982536
Egypt,Ø´Ø¨Ø±Ø§Ø®ÙŠØª,3235552557,31.0285355,30.7130664
Egypt,Ø§Ù„Ù†ÙˆØ¨Ø§Ø±ÙŠØ© Ø§Ù„Ø¬Ø¯ÙŠØ¯Ø©,3669525044,30.6663888,30.0765751
Egypt,Ø­Ù„Ø§ÙŠØ¨,4356356608,22.1654075,36.6742556
Egypt,Ø£Ø¨Ùˆ Ø±Ù…Ø§Ø¯,4813663277,22.3990751,36.4085658
Egypt,Ù…Ø¯ÙŠÙ†Ø© Ø±Ø§Ø³ Ø­Ø¯Ø±Ø¨Ø©,4825416770,22.0524294,36.7274617
Egypt,Ø§Ù„Ø±Ø­Ù…Ø§Ù†ÙŠØ©,5650937978,31.1045549,30.6424526
Libya,ØºØ§Øª,260714409,24.9626299,10.1797167
Libya,Ø£ÙˆØ¨Ø§Ø±ÙŠ,260715532,26.5897046,12.7694188
Libya,Ù…Ø¯ÙŠÙ†Ø© Ø¬Ø±Ù…Ø©,260715664,26.5284969,13.0696338
Libya,Ø§Ù„ØºØ±ÙŠÙÙ‡,260715668,26.5258867,13.0099491
Libya,Ù…Ø±Ø²Ù‚,260716346,25.9140852,13.9197199
Libya,Ø³Ø¨Ù‡Ø§â€,260716549,27.0331541,14.4316929
Libya,ØºØ¯Ø§Ù…Ø³,276850140,30.1258404,9.4900658
Libya,ØªØ±Ù‡ÙˆÙ†Ø©,277399044,32.437106,13.639685
Libya,Ø§Ù„Ø®Ù…Ø³,277399357,32.652183,14.26801
Libya,Ø§Ù„Ø²Ø§ÙˆÙŠØ©,277399530,32.7626409,12.7264789
Libya,Ø²ÙˆØ§Ø±Ø©,277399662,32.932781,12.0806384
Libya,Ø§Ø¬Ø¯Ø§Ø¨ÙŠØ§,277399765,30.7550035,20.2233257
Libya,Ø§Ù„ÙƒÙØ±Ø©,277407893,24.1987692,23.2931913
Libya,Ø·Ø¨Ø±Ù‚,277520853,32.0774321,23.9600148
Libya,Ø§Ù„Ø¨ÙŠØ¶Ø§Ø¡,288491858,32.7609529,21.7577175
Libya,Ø¯Ø±Ù†Ø©,288493021,32.7593795,22.6383195
Libya,Ø³Ø±Øª,299616414,31.2059625,16.5836206
Libya,ØµØ¨Ø±Ø§ØªØ©â€,299616862,32.7906211,12.4826746
Libya,Ø§Ù„Ø¨Ø±ÙŠÙ‚Ø© Ø§Ù„Ø¬Ø¯ÙŠØ¯Ø©,361358942,30.4829221,19.7250842
Libya,Ø§Ù„Ù‚Ø·Ø±ÙˆÙ†,419488780,24.888852,14.531484
Libya,Ø§Ù…Ø³Ù„Ø§ØªÙ‡,506650392,32.579922,14.0417371
Libya,Ø§Ù„Ù…Ø±Ø¬,1159112554,32.4857156,20.833836
Libya,Ø¬Ø§Ù„Ùˆ,1160843625,29.0331149,21.5482209
Libya,Ø¨Ù†ÙŠ ÙˆÙ„ÙŠØ¯,1160881649,31.7569695,13.995051
Libya,Ø§Ù„Ø¹Ø¬ÙŠÙ„Ø§Øª,1169743113,32.7580138,12.3775024
Libya,Ø²Ù„ÙŠØªÙ†,1170583242,32.467562,14.56564
Libya,Ù‡ÙˆÙ†,1170597942,29.1245649,15.9402605
Libya,Ø§Ù„Ø²Ù‡Ø±Ø§Ø¡,1181267424,32.6779494,12.872464
Libya,ÙˆØ¯Ø§Ù†â€,1193623176,29.1614728,16.1414058
Libya,Ø§Ù„Ø£Ø¨ÙŠØ§Ø±,1565508929,32.1896453,20.5945086
Libya,ØºØ±ÙŠØ§Ù†,1565510610,32.1715873,13.0211451
Libya,Ø·Ø±Ø§Ø¨Ù„Ø³,1699640925,32.896672,13.1777923
Libya,Ø§Ù„Ø¹Ø²ÙŠØ²ÙŠØ©,3300366408,32.5330923,13.0176242
Libya,Ø±Ù‡ÙŠØ¨Øª,4212111529,31.8849699,11.898025
Libya,Ù…ØµØ±Ø§ØªØ©,5431087789,32.3745318,15.0904886
Libya,Ø²Ù„ÙŠØªÙ† Zleten,5431095439,32.4704922,14.565249
Libya,Ø§Ù„Ø²Ø§ÙˆÙŠØ© Al zawia,5431110298,32.7598937,12.7262489
Libya,Ø³Ø¨Ù‡Ø§ Sabha,5431116754,27.0373386,14.4253234
Libya,Ø¨Ù†ØºØ§Ø²ÙŠ,5431132268,32.1288331,20.0817204
Morocco,Casablanca âµœâ´°â´·â´·â´°âµ”âµœ âµœâµ“âµâµâµ‰âµâµœ Ø§Ù„Ø¯Ø§Ø± Ø§Ù„Ø¨ÙŠØ¶Ø§Ø¡,25730724,33.5950627,-7.6187768
Morocco,Oujda âµ¡âµŠâ´·â´° ÙˆØ¬Ø¯Ø©â€,26755661,34.677874,-1.929306
Morocco,MeknÃ¨s â´°âµâ´½âµâ´°âµ™ Ù…ÙƒÙ†Ø§Ø³,26756035,33.8978116,-5.5319836
Morocco,El Jadida âµŠâ´·âµ‰â´·â´° Ø§Ù„Ø¬Ø¯ÙŠØ¯Ø©,26756132,33.2433309,-8.49884
Morocco,Tan-Tan âµŸâ´°âµâµŸâ´°âµ Ø·Ø§Ù†Ø·Ø§Ù†,26756639,28.437553,-11.098664
Morocco,Agadir â´°â´³â´°â´·âµ‰âµ” Ø£Ú¯Ø§Ø¯ÛŒØ±,27565078,30.4211144,-9.5830626
Morocco,Safi â´°âµ™â´¼âµ‰ Ø¢Ø³ÙÙŠ,29337459,32.299424,-9.239533
Morocco,Nador âµâ´°â´¹âµ“âµ• Ø§Ù„Ù†Ø§Ø¸ÙˆØ±,31380375,35.1739922,-2.9281198
Morocco,Tinghir âµœâµ‰âµâµ–âµ‰âµ” ØªÙŠÙ†ØºÙŠØ±,34992118,31.52133,-5.531164
Morocco,KhÃ©misset âµ…â´»âµâµ‰âµ™âµ™â´»âµœ Ø§Ù„Ø®Ù…ÙŠØ³Ø§Øª,63439019,33.830287,-6.072605
Morocco,Taza âµœâ´°âµ£â´° ØªØ§Ø²Ø©,63443413,34.230155,-4.010104
Morocco,Essaouira âµšâµšâµ¡âµ‰âµ•â´° Ø§Ù„ØµÙˆÙŠØ±Ø©,245486763,31.5118281,-9.7620903
Morocco,Taroudant âµœâ´°âµ”âµ“â´·â´°âµâµœ ØªØ§Ø±ÙˆØ¯Ø§Ù†Øª,254485332,30.470651,-8.877922
Morocco,Tiznit âµœâµ‰âµ£âµâµ‰âµœ ØªØ²Ù†ÙŠØª,256948195,29.698624,-9.7312815
Morocco,Ouarzazate âµ¡â´°âµ”âµ£â´°âµ£â´°âµœ ÙˆØ±Ø²Ø§Ø²Ø§Øª,288704798,30.920193,-6.910923
Morocco,FÃ¨s â´¼â´°âµ™ ÙØ§Ø³,289035432,34.0346534,-5.0161926
Morocco,Rabat âµ”â´±â´°âµŸ Ø§Ù„Ø±Ø¨Ø§Ø·,299120862,34.022405,-6.834543
Morocco,Chichaoua âµ›âµ‰âµ›â´°âµ¡â´° Ø´ÙŠØ´Ø§ÙˆØ©,309968105,31.5469033,-8.7595462
Morocco,Dakhla â´·â´°âµ…âµâ´° Ø§Ù„Ø¯Ø§Ø®Ù„Ø©,348237703,23.6940663,-15.9431274
Morocco,Guelmim â´³âµâµâµ‰âµ Ú¯Ù„Ù…ÙŠÙ…,351111110,28.9863852,-10.0574351
Morocco,Al Hoceima - âµâµƒâµ“âµ™âµ‰âµâ´° - Ø§Ù„Ø­Ø³ÙŠÙ…Ø©,391512701,35.245114,-3.930186
Morocco,Berkane â´±â´»âµ”â´½â´°âµ Ø¨Ø±ÙƒØ§Ù†,391562106,34.9266755,-2.3294087
Morocco,Bouarfa â´±âµ“âµ„â´°âµ”â´¼â´° Ø¨ÙˆØ¹Ø±ÙØ©,400915111,32.532903,-1.963231
Morocco,Figuig âµ‰â´¼âµ‰âµ¢âµ¢âµ‰âµ¢ ÙÚ¯ÙŠÚ¯,401232144,32.115048,-1.230396
Morocco,Er Rachidia âµ‰âµâµœâµ–â´»âµ”âµ Ø§Ù„Ø±Ø´ÙŠØ¯ÙŠØ©,406192860,31.929089,-4.4340807
Morocco,SalÃ© âµ™âµâ´° Ø³Ù„Ø§,414081770,34.044889,-6.814017
Morocco,TÃ©touan âµœâµ‰âµŸâµŸâ´°âµ¡âµ‰âµ ØªØ·ÙˆØ§Ù†,421432226,35.570175,-5.3742776
Morocco,Marrakech âµâµ•âµ•â´°â´½âµ› Ù…Ø±Ø§ÙƒØ´,508040941,31.6258257,-7.9891608
Morocco,Esmara âµ™âµâ´°âµ”â´° Ø§Ù„Ø³Ù…Ø§Ø±Ø©,569755163,26.7435827,-11.6645492
Morocco,Larache âµâµ„âµ”â´°âµ¢âµ› Ø§Ù„Ø¹Ø±Ø§Ø¦Ø´,583022208,35.1952327,-6.152913
Morocco,KhÃ©nifra âµ…âµâµ‰â´¼âµ•â´° Ø®Ù†ÙŠÙØ±Ø©,624269194,32.9357718,-5.6696504
Morocco,Sebt Gzoula âµ™â´°â´±âµœ â´³â´°âµ£âµ“âµâ´° Ø³Ø¨Øª Ú¯Ø²ÙˆÙ„Ø©,1039966988,32.108297,-9.084263
Morocco,Sidi Kacem âµ™âµ‰â´·âµ‰ âµ‡â´°âµ™â´°âµ Ø³ÙŠØ¯ÙŠ Ù‚Ø§Ø³Ù…,1052247758,34.226412,-5.711434
Morocco,Ksar-el-Kebir âµâµ‡âµšâµ” âµâ´½â´±âµ‰âµ” Ø§Ù„Ù‚ØµØ± Ø§Ù„ÙƒØ¨ÙŠØ±,1052364362,34.999218,-5.898724
Morocco,Settat âµ¥âµŸâµŸâ´°âµŸ Ø³Ø·Ø§Øª,1156264376,33.002397,-7.619867
Morocco,Ben Guerir â´±â´°âµâ´³âµ”âµ‰âµ” Ø¨Ù†Â Ú¯Ø±ÙŠØ±,1210857280,32.239034,-7.958131
Morocco,Beni Mellal â´°âµ¢âµœ âµâµâµâ´°âµ Ø¨Ù†ÙŠ Ù…Ù„Ø§Ù„,1274095863,32.334193,-6.353335
Morocco,Berrechid â´±â´°âµ”âµ›âµ‰â´· Ø¨Ø±Ø´ÙŠØ¯,1339097697,33.2676746,-7.5811465
Morocco,Assilah â´°âµšâµ‰âµâ´° Ø£ØµÙŠÙ„Ø©,1686960487,35.461928,-6.036545
Morocco,KÃ©nitra âµ‡âµâµ‰âµŸâµ”â´° Ø§Ù„Ù‚Ù†ÙŠØ·Ø±Ø©,1863747049,34.26457,-6.570169
Morocco,Tanger âµŸâ´°âµâµŠâ´° Ø·Ù†Ø¬Ø©,1863747052,35.777103,-5.803792
Morocco,Sidi Slimane âµ™âµ‰â´·âµ‰ âµ™âµâµ‰âµâ´°âµ Ø³ÙŠØ¯ÙŠ Ø³Ù„ÙŠÙ…Ø§Ù†,1864970021,34.259878,-5.927253
Morocco,Khouribga âµ…âµ¯âµ”âµ‰â´±â´³â´° Ø®Ø±ÙŠØ¨ÙƒØ©,1865094126,32.885508,-6.909238
Morocco,Oued Zem âµ¡â´°â´· âµ£â´°âµ ÙˆØ§Ø¯ Ø²Ù…,1865117987,32.862504,-6.571054
Morocco,LaÃ¢youne âµâµ„âµ¢âµ“âµ Ø§Ù„Ø¹ÙŠÙˆÙ†,1888261495,27.154512,-13.1953921
Morocco,TÃ©mara âµœâµâ´°âµ”â´° ØªÙ…Ø§Ø±Ø©,1954988722,33.917166,-6.923804
Morocco,Boujdour â´±âµ“âµŠâ´·âµ“âµ” Ø¨ÙˆØ¬Ø¯ÙˆØ±,2090045902,26.1263378,-14.4836537
Morocco,MohammÃ©dia âµâµ“âµƒâ´°âµâ´°â´·âµ‰âµ¢â´° Ø§Ù„Ù…Ø­Ù…Ø¯ÙŠØ©,2622712708,33.6958383,-7.3893292
Morocco,Taourirt âµœâ´°âµ¡âµ”âµ‰âµ”âµœ ØªØ§ÙˆØ±ÙŠØ±Øª,2684455807,34.413438,-2.893825
Tunisia,ØªÙˆÙ†Ø³,27564968,36.800108,10.184794
Tunisia,ØµÙØ§Ù‚Ø³,287001619,34.739739,10.7598516
Tunisia,Ø³ÙˆØ³Ø©,287543373,35.828829,10.640525
Tunisia,Ø§Ù„Ù‚ÙŠØ±ÙˆØ§Ù†â€,287543904,35.6775263,10.1006205
Tunisia,Ù‚Ø§Ø¨Ø³,287544603,33.8833922,10.0971389
Tunisia,Ø¨Ù†Ø²Ø±Øª,287544816,37.2732415,9.8713665
Tunisia,Ø¨Ù† Ø¹Ø±ÙˆØ³,287550909,36.756635,10.220146
Tunisia,Ø§Ù„Ù…Ù†Ø³ØªÙŠØ±,287553320,35.7709638,10.8272336
Tunisia,Ø£Ø±ÙŠØ§Ù†Ø©,287554239,36.859939,10.190973
Tunisia,Ø§Ù„Ù…Ù‡Ø¯ÙŠØ©,287621836,35.503884,11.056042
Tunisia,Ù‚Ø±Ø·Ø§Ø¬,1136727225,36.851627,10.330441
Tunisia,Ø§Ù„Ù…Ø¯ÙŠÙ†Ø© Ø§Ù„Ø¬Ø¯ÙŠØ¯Ø©,2573224812,36.7427438,10.2507204
Western Sahara,Dakhla â´·â´°âµ…âµâ´° Ø§Ù„Ø¯Ø§Ø®Ù„Ø©,348237703,23.6940663,-15.9431274
Western Sahara,Esmara âµ™âµâ´°âµ”â´° Ø§Ù„Ø³Ù…Ø§Ø±Ø©,569755163,26.7435827,-11.6645492
Western Sahara,LaÃ¢youne âµâµ„âµ¢âµ“âµ Ø§Ù„Ø¹ÙŠÙˆÙ†,1888261495,27.154512,-13.1953921
Western Sahara,Boujdour â´±âµ“âµŠâ´·âµ“âµ” Ø¨ÙˆØ¬Ø¯ÙˆØ±,2090045902,26.1263378,-14.4836537
Burundi,Bujumbura,60715062,-3.3638125,29.3675028
Burundi,Gitega,301351574,-3.4284953,29.9249718
Burundi,Kirundo,301399969,-2.5853872,30.0933449
Burundi,Makamba,498665827,-4.1347916,29.8046322
Burundi,Rutana,498671062,-3.9263608,29.990574
Burundi,Bururi,498675511,-3.9453227,29.6192469
Burundi,Ngozi,498680416,-2.909091,29.8230442
Burundi,Kayanza,498680729,-2.9297133,29.6321188
Burundi,Karuzi,498681136,-3.1011687,30.1647524
Burundi,Muyinga,498681309,-2.8453256,30.3393883
Burundi,Cibitoke,498681622,-2.8919231,29.1244074
Burundi,Bubanza,498681772,-3.0845915,29.3948368
Burundi,Cankuzo,498682112,-3.2204922,30.5495774
Burundi,Ruyigi,498682265,-3.4733471,30.2501278
Burundi,Muramvya,498856704,-3.2663248,29.6167289
Burundi,Mwaro,1343439979,-3.5116676,29.7050017
Burundi,Rumonge,1345876693,-3.9745473,29.439294
Comoros,Moroni Ù…ÙˆØ±ÙˆÙ†ÙŠ,339324562,-11.6931255,43.2543044
Comoros,Mutsamudu Ù…ÙˆØªØ³Ø§Ù…ÙˆØ¯Ùˆ,1295700465,-12.168846,44.3942831
Djibouti,Djibouti Ø¬ÙŠØ¨ÙˆØªÙŠ,27565085,11.593665,43.14724
Eritrea,áŠ¨áˆ¨áŠ• ÙƒØ±Ù† Keren,317162067,15.780477,38.453606
Eritrea,Assab Ø¹ØµØ¨,321263589,13.0091289,42.7444596
Eritrea,Ø£Ø³Ù…Ø±Ø© áŠ áˆµáˆ˜áˆ« Asmara,5621920820,15.3389667,38.9326763
Ethiopia,áŠ á‹²áˆµ áŠ á‰ á‰£ / Addis Ababa,27565076,9.0107934,38.7612525
Ethiopia,áŒáŠ•á‹°áˆ­ / Gonder,71556493,12.610368,37.466766
Ethiopia,á‰£áˆ•áˆ­-á‹³áˆ­ / Bahir Dar,71612929,11.5904154,37.3884007
Ethiopia,áŠ£á‹³áˆ› / Adama,237498687,8.5410261,39.2705461
Ethiopia,áŠ áˆ­á‰£ áˆáŠ•áŒ­ / Arba Minch,253440282,6.0215142,37.5539809
Ethiopia,áŠ áˆá‰¦ / Ambo,266775102,8.982104,37.8554406
Ethiopia,á‹°áˆ´ / Dessie,281666535,11.122604,39.634982
Ethiopia,áŒ‚áŒ‚áŒ‹ / Jijiga,298290931,9.3513554,42.7981633
Ethiopia,áˆ˜á‰áˆˆ / Mekelle,298296162,13.5011216,39.4757557
Ethiopia,áŠá‰€áˆá‰µ / Nekemte,298296163,9.0879679,36.5473097
Ethiopia,áˆ¶á‹¶ / Sodo,298296164,6.864163,37.762762
Ethiopia,áˆ»áˆ¸áˆ˜áŠ” / Shashamane,298296165,7.2010144,38.5953618
Ethiopia,áˆáˆ¨áˆ­ / Harar,298296166,9.3139294,42.1298392
Ethiopia,á‹°á‰¥áˆ¨ á‰¥áˆ­áˆƒáŠ• / Debre Birhan,298296167,9.6752117,39.5324899
Ethiopia,á‹µáˆ¬á‹³á‹‹ / Dire Dawa,298296168,9.5944718,41.85572
Ethiopia,á‹²áˆ‹ / Dilla,298296169,6.41,38.31
Ethiopia,áŒá‹´ / Gode,298296173,5.9526975,43.5522312
Ethiopia,á‹°á‰¥áˆ¨ áˆ›áˆ­á‰†áˆµ / Debre Markos,298296174,10.340245,37.728967
Ethiopia,áŠ£áŠ½áˆ±áˆ / Axum,298296175,14.122015,38.7305334
Ethiopia,áŠ®áˆá‰¦áˆá‰» / Kombolcha,298296176,11.0813583,39.7408732
Ethiopia,áŠ á‹²áŒáˆ«á‰µ / Adigrat,298296178,14.2775432,39.4612757
Ethiopia,á‰¦áˆ†á‰µáˆˆ Ø¨ÙˆÙˆÙ‡ÙˆØ¯Ù„â€â€,313978601,8.228125,46.325064
Ethiopia,áŠ á‹µá‹‹ / Adwa,321250631,14.1646303,38.895478
Ethiopia,áŒ‹áˆá‰¤áˆ‹ / Gambella,321376181,8.2467502,34.5875721
Ethiopia,áŠ áˆ¶áˆ³ / Assosa,321761901,10.0632302,34.5448075
Ethiopia,áŠ áˆ°áˆ‹ / Asella,1150903283,7.95,39.13333
Ethiopia,áˆ€á‹‹áˆ³ / Hawassa,1394787650,7.0481029,38.47861
Ethiopia,áˆ®á‰¤ / Robe,1800190312,7.1242676,40.0080973
Ethiopia,áŒ‚áˆ› / Jimma,2503575146,7.6741372,36.8392841
Kenya,Nairobi,27565105,-1.2832533,36.8172449
Kenya,Nakuru,44925073,-0.2833,36.0666
Kenya,Mombasa,44927060,-4.05052,39.667169
Kenya,Meru,44929227,0.0500034,37.6500063
Kenya,Malindi,44929687,-3.2165987,40.1165933
Kenya,Machakos,44930353,-1.5212477,37.2660878
Kenya,Kitui,44933078,-1.3666,38.0166
Kenya,Kitale,44933158,1.018076,35.000236
Kenya,Kisii,44989844,-0.6694119,34.7677944
Kenya,Kibwezi,44990389,-2.410343,37.965529
Kenya,Kericho,44992704,-0.3666,35.2833
Kenya,Kakamega,44999588,0.2833,34.75
Kenya,Garissa,45004027,-0.4567099,39.6404713
Kenya,Nyeri,413630468,-0.4192962,36.9517005
Kenya,Thika,1141424596,-1.036648,37.077523
Kenya,Dadaab,1762613339,0.0559176,40.3054193
Kenya,Kisumu,1868373176,-0.1029109,34.7541761
Kenya,Eldoret,2689551456,0.5198329,35.2715481
Madagascar,Antananarivo,27565116,-18.9100122,47.5255809
Madagascar,Toliara,254609408,-23.354173,43.66966
Madagascar,Antsiranana,254616067,-12.2779134,49.2913394
Madagascar,Mahajanga,254618037,-15.7181492,46.3172577
Madagascar,Antsirabe,300272255,-19.871403,47.034667
Madagascar,Fianarantsoa,316843071,-21.45337,47.085447
Madagascar,Toamasina,335711690,-18.1553985,49.4098352
Madagascar,TÃ´lanÌˆaro,3355969555,-25.0296943,46.9903888
Malawi,Blantyre,27565113,-15.7862543,35.0035694
Malawi,Mzuzu,262183934,-11.4607518,34.0226422
Malawi,Limbe,264951312,-15.8074399,35.0525005
Malawi,Zomba,265772769,-15.3863208,35.3268273
Malawi,Lilongwe,3072758152,-13.973456,33.7878122
Mauritius,Port-Louis,243819778,-20.1637281,57.5045331
Mauritius,Vacoas-Phoenix,365764030,-20.2988802,57.4927689
Mozambique,Matola,27564983,-25.966917,32.466956
Mozambique,Maputo,27565081,-25.966213,32.56745
Mozambique,Beira,259593578,-19.828707,34.841782
Mozambique,Quelimane,259593870,-17.87751,36.890216
Mozambique,Nampula,286426799,-15.1194063,39.2615886
Mozambique,Pemba,331691755,-12.9735663,40.5214905
Mozambique,Inhambane,331728890,-23.865961,35.384363
Mozambique,Chimoio,331730931,-19.110921,33.476659
Mozambique,Xai-Xai,335077559,-25.044479,33.64073
Mozambique,Maxixe,335106276,-23.861561,35.348934
Mozambique,Lichinga,335126704,-13.2999118,35.2458642
Mozambique,Tete,560241406,-16.160511,33.587096
Mozambique,Inchope,663184240,-19.2111458,33.9327676
Mozambique,Nacala,899428278,-14.5564782,40.6869931
Mozambique,Manica,1419408735,-18.936733,32.875955
Mozambique,Muchungue,1423061100,-20.3888157,33.9380175
Mozambique,Praia de Bilene,2084079005,-25.2795872,33.2458467
RÃ©union,Saint-Denis,246837430,-20.8799889,55.448137
RÃ©union,Le Port,999426236,-20.9354584,55.2916763
Rwanda,Kigali,60485579,-1.950851,30.061507
Rwanda,Musanze,271315342,-1.50405,29.63631
Rwanda,Gisenyi,271317488,-1.693545,29.259855
Rwanda,Huye,435637541,-2.6053426,29.7401547
Rwanda,Muhanga,4702953758,-2.0845197,29.7526948
Somalia,Muqdisho Ù…Ù‚Ø¯ÙŠØ´Ùˆ,34684808,2.042778,45.338564
Somalia,Baydhabo Ø¨ÙŠØ¯ÙˆØ§,35926758,3.119951,43.644462
Somalia,Xudur Ø­ÙˆØ¯ÙˆØ±,36155607,4.1237042,43.8915563
Somalia,Marka Ù…Ø±ÙƒØ§â€,36155827,1.7148358,44.7699326
Somalia,Jowhar Ø¬ÙˆÙ‡Ø±â€â€,36161070,2.776429,45.509946
Somalia,Afgooye Ø£ÙØ¬ÙˆÙŠ,36161072,2.1465328,45.1193414
Somalia,Qoryooley Ù‚ÙˆØ±ÙŠÙˆÙ„ÙŠ,36161073,1.789663,44.530629
Somalia,Kismaayo ÙƒÙŠØ³Ù…Ø§ÙŠÙˆ,36161074,-0.3602285,42.5408831
Somalia,Baardheere Ø¨Ø§Ø§Ø±Ø¯Ù‰Ø±Ø¢,36305919,2.3372449,42.2849308
Somalia,Jamaame Ø¬Ù…Ø§Ù…Ø©â€â€,36305922,0.07222,42.75056
Somalia,Jilib Ø¬ÙŠÙ„ÙŠØ¨,36305946,0.4937927,42.7764134
Somalia,Buurhakaba Ø¨ÙˆØ±Ø­ÙƒØ¨,36305949,2.78333,44.08333
Somalia,Boosaaso Ø¨ÙˆØµØ§ØµÙˆ,43528250,11.27848,49.179952
Somalia,Beledweyne Ø¨Ù„Ø¯ ÙˆÙŠÙ†,43528290,4.7355786,45.2040946
Somalia,Bu'aale Ø¨ÙˆØ£Ù„,43528307,1.083333,42.58333
Somalia,Gaalkacyo Ø¬Ø§Ù„ÙƒØ¹ÙŠÙˆâ€â€,43528320,6.769726,47.430826
Somalia,Garoowe ØºØ§Ø±ÙˆÙŠ,43528345,8.406143,48.483195
Somalia,Ceerigaabo Ø¹ÙŠØ±Ø¬Ø§Ø¨Ùˆ,43528353,10.61806,47.37
Somalia,Laascaanood Ù„Ø§Ø³ Ø¹Ø§Ù†ÙˆØ¯,43528372,8.4759498,47.3577248
Somalia,Burao Ø¨Ø±Ø¹Ùˆ,43528384,9.524175,45.536932
Somalia,Berbera Ø¨Ø±Ø¨Ø±Ø©,291580881,10.4386215,45.0134007
Somalia,Ø²Ø§Ùˆ ØªØ§ÙƒÙˆ Xawo Tako,1404223285,2.62003,44.89128
Somalia,Laas Caanood Ù„Ø§Ø³ Ø¹Ø§Ù†ÙˆØ¯,1404224477,8.474261,47.355194
Somalia,Burco Ø¨Ø±Ø¹Ùˆ,1404226133,9.52749,45.537472
Somalia,Badhan Ø¨Ø±Ù†â€â€,1404232532,10.7154042,48.3351072
Somalia,Ø¨ÙˆØ±Ø§Ù…Ø§ Borama,1404233007,9.9386691,43.184119
Somalia,Garbahaarey ØºØ§Ø±Ø¨Ù‡Ø§Ø§Ø±Ø¢ÙŠ,1404233530,3.328,42.219879
Somalia,Deg Jannaay,2814968356,1.7064758,44.6082673
Somalia,Hargeysa Ù‡Ø±Ø¬ÙŠØ³Ø§,4298140251,9.561733,44.061803
Sudan,Ø§Ù„Ø®Ø±Ø·ÙˆÙ…,27565117,15.593325,32.53565
Sudan,Ø§Ù„Ø¯Ø¨Ø©,75561491,18.043988,30.95119
Sudan,Ø¯Ù†Ù‚Ù„Ø§,75562621,19.1728506,30.4731589
Sudan,Ø´Ù†Ø¯ÙŠ,90112925,16.6884963,33.432286
Sudan,Ø¹Ø·Ø¨Ø±Ø©,90135276,17.690719,33.98073
Sudan,Ø±ÙØ§Ø¹Ø©,90187942,14.7677692,33.3659991
Sudan,ÙˆØ§Ø¯ÙŠ Ø­Ù„ÙØ§,100013911,21.8005,31.350737
Sudan,ÙƒØ§Ø¯ÙˆÙ‚Ù„ÙŠâ€,210360300,11.0085934,29.7155751
Sudan,ÙƒÙˆØ³ØªÙŠ,248948488,13.1521864,32.6725113
Sudan,ØªÙ†Ø¯Ù„ØªÙŠ,248948657,13.009027,31.866068
Sudan,Ø£Ù… Ø±ÙˆØ§Ø¨Ø©,248948675,12.905825,31.2147916
Sudan,Ø§Ù„Ø£Ø¨ÙŠØ¶,248948689,13.183366,30.222559
Sudan,Ø¨ÙˆØ±ØªØ³ÙˆØ¯Ø§Ù†,288510602,19.619217,37.211709
Sudan,Ø³ÙˆØ§ÙƒÙ†,288512635,19.103071,37.331236
Sudan,Ù†ÙŠØ§Ù„Ø§,291449779,12.0505098,24.8795115
Sudan,Ø§Ù„Ù‚Ø¶Ø§Ø±Ù,294865520,14.040941,35.398832
Sudan,ÙƒØ³Ù„Ø§,300066939,15.4521163,36.3771099
Sudan,ÙˆØ¯ Ù…Ø¯Ù†ÙŠ,300069794,14.3965781,33.5309561
Sudan,Ø§Ù„ÙØ§Ø´Ø±,300074306,13.6238244,25.3555559
Sudan,Ø§Ù„Ø¶Ø¹ÙŠÙ†,300076998,11.4611731,26.1310939
Sudan,Ø§Ù„Ø¯Ù…Ø§Ø²ÙŠÙ†,300077759,11.8073636,34.3656298
Sudan,Ø§Ù„Ø¬Ù†ÙŠÙ†Ø©,300078547,13.4435,22.4452278
Sudan,Ø³Ù†Ø§Ø±,321438810,13.5424054,33.6103555
Sudan,Ø±Ø¨Ùƒ,321439793,13.1844655,32.7398062
Sudan,ÙƒØªÙ…,321459449,14.20312,24.661729
Sudan,Ø²Ø§Ù„Ù†Ø¬ÙŠ,321481872,12.9134096,23.4738132
Sudan,ÙƒØ§Ø³,321484289,12.5058244,24.2859432
Sudan,Ø¨Ø§Ø¨Ù†ÙˆØ³Ø©,321502878,11.3305456,27.8095803
Sudan,Ø§Ù„Ù…Ø¬Ù„Ø¯,321503273,11.0323699,27.7545176
Sudan,Ø§Ù„Ø¯Ù„Ù†Ø¬,576348786,12.0315831,29.6516649
Sudan,Ù…Ø±ÙˆÙŠ,1620604084,18.4811972,31.8171688
Sudan,Ù…Ù„ÙŠØ·,1870260644,14.1394199,25.5504429
Sudan,Ø£Ø¨Ùˆ Ø¬Ø¨ÙŠÙ‡Ø©,1895967608,11.4646721,31.2339838
Sudan,Ø£Ø¨Ùˆ Ø­Ù…Ø¯,1950229972,19.5378928,33.3248471
Sudan,Ø¹Ø¨Ø±ÙŠ,1958038093,20.7930384,30.3406751
Sudan,ÙƒØ±Ù…Ø©,1958047978,19.593098,30.4091017
Sudan,Ø§Ù„Ø¯ÙˆÙŠÙ…,1977780575,13.997187,32.30946
Sudan,Ø£Ù… Ø¯Ø±Ù…Ø§Ù†,1980789690,15.6445536,32.4777311
Sudan,Ø§Ù„Ù…Ù†Ø§Ù‚Ù„,2116631186,14.2467437,32.9858537
Sudan,ØªÙ„ÙˆØ¯ÙŠ,2146406946,10.6326436,30.3793795
Sudan,Ø§Ù„Ù†Ù‡ÙˆØ¯,2373597402,12.692159,28.422103
Sudan,ÙˆØ¯ Ø¨Ù†Ø¯Ø©,2373597639,13.0931468,27.9432003
Sudan,Ø¨Ø§Ø±Ø§,2374654672,13.6968325,30.3703697
Sudan,Ø¨ÙˆØ±Ø§Ù…,2574072000,10.8616617,25.1583291
Sudan,Ø¨ÙˆØ·,2597933459,11.4210555,33.385474
Sudan,Ø§Ù„Ù…Ø²Ù…ÙˆÙ…,2655669111,12.2724838,33.5408281
Sudan,Ø§Ù„Ù‚Ø±Ø§Ø¨ÙŠÙ†,2655669439,12.1159815,33.8163017
Sudan,Ø§Ù‚Ø¯ÙŠ,2655669549,11.8056389,34.0754246
Sudan,ØªÙŠÙ†Ø§,2932393524,15.0177073,22.8185665
Sudan,ØªÙ…Ø¨ÙˆÙ„,2955411569,14.9267897,33.422566
Sudan,Ø¬Ø¨ÙŠØª,2971608212,18.952248,36.834481
Sudan,Ø³Ù†ÙƒØ§Øª,2983364451,18.8379764,36.8364825
Sudan,Ø§Ù„Ø­ÙˆØ§ØªØ©,3121562429,13.4176259,34.6336766
Sudan,Ø§Ù„Ø³ÙˆÙƒÙŠ,3310640105,13.3246176,33.8904559
Sudan,Ø³Ù†Ø¬Ø©,3313215531,13.1440522,33.9283527
Sudan,ÙˆØ¯ Ø§Ù„Ù†ÙŠÙ„,3313277604,12.513909,34.1123314
Sudan,"Ø§Ù„Ø¯Ù†Ø¯Ø± ,Ø§Ù„Ù‚ÙˆÙŠØ³ÙŠ",3313281455,13.3342503,34.0869653
Sudan,Ø£Ø±ÙˆÙ…Ø§,3396917409,15.8099977,36.1365693
Sudan,Ø§Ù„Ø¯Ø§Ù„ÙŠ,3992349935,12.866116,33.4133374
Sudan,Ø§Ù„Ø¬Ø¨Ù„ÙŠÙ†,3992374366,12.5949867,32.8088318
Sudan,Wedabok,4002925136,11.3696821,33.6404403
Sudan,Ø§Ù„Ù‚ÙˆÙ„Ø¯,4116845005,18.5046499,30.6330833
Sudan,Ø£Ø¨Ùˆ Ø¯Ù„ÙŠÙ‚,4309767703,15.8990206,33.8087818
Sudan,Ø§Ù„ÙÙˆÙ„Ø©,5838095352,11.7104852,28.3448982
Uganda,Mbarara,293918338,-0.6109532,30.6533047
Uganda,Mukono,294001835,0.3689136,32.7348393
Uganda,Jinja,294001845,0.4353036,33.2055568
Uganda,Mbale,304491931,1.0711896,34.1749506
Uganda,Gulu,304816313,2.770239,32.3044273
Uganda,Lira,305377332,2.2456918,32.896244
Uganda,Hoima,309083090,1.430976,31.352512
Uganda,Iganga,311733271,0.6154854,33.4794594
Uganda,Fort Portal,311747244,0.6561907,30.2779432
Uganda,Masaka,311748711,-0.3390264,31.7465839
Uganda,Kampala,773119937,0.3177137,32.5813539
Uganda,Mityana,1217463192,0.4020509,32.0450101
Uganda,Masindi,1277061228,1.6852537,31.7205937
Uganda,Busia,1429946815,0.4675812,34.0904896
Uganda,Arua,1999485035,3.0225076,30.9104823
Uganda,Entebbe,2099387574,0.0611715,32.4698564
Uganda,Kira,2163191058,0.4003408,32.6391845
Uganda,Njeru,2229121881,0.4307,33.1503623
Uganda,Kasese,2685125666,0.1723707,30.085695
Uganda,Wakiso,3227589041,0.3985735,32.4800899
Uganda,Nansana,3500961528,0.365816,32.529226
Uganda,Kanoni,3983937285,0.1726457,31.9064746
Uganda,Yumbe,3984083146,3.4674131,31.2458678
Uganda,Bukwo,3984705258,1.2889893,34.7409504
Uganda,Mpigi,4042798428,0.2283313,32.3198552
Tanzania,Dar es Salaam,27565027,-6.8160837,39.2803583
Tanzania,Kigoma,60729278,-4.8766994,29.6367154
Tanzania,Dodoma,87841198,-6.1791181,35.7468174
Tanzania,Morogoro,252592807,-6.8161626,37.6693891
Tanzania,Tabora,255590043,-5.0202431,32.8097724
Tanzania,Shinyanga,255591375,-3.6562049,33.4271153
Tanzania,Mbeya,255594923,-8.906508,33.468672
Tanzania,Moshi,255602805,-3.3486456,37.3435249
Tanzania,Arusha,255603098,-3.3696827,36.6880794
Tanzania,Tanga,255615843,-5.0721976,39.0993457
Tanzania,Songea,258160432,-10.6787282,35.6483576
Tanzania,Mtwara,258162316,-10.28112,40.181341
Tanzania,Bukoba,258165920,-1.3311508,31.8125605
Tanzania,Musoma,259711489,-1.4998186,33.8083018
Tanzania,Sumbawanga,262095995,-7.9523861,31.6231898
Tanzania,Zanzibar City,3320526612,-6.1664908,39.2074312
Tanzania,Kigadye,5525015258,-4.0611396,30.2649951
Tanzania,Mwanza,5580670781,-2.5176241,32.8984523
Zambia,Lusaka,27564994,-15.4164488,28.2821535
Zambia,Livingstone,89085357,-17.853135,25.861429
Zambia,Chipata,294557750,-13.6369203,32.6491929
Zambia,Ndola,315260631,-12.9693056,28.6365894
Zambia,Luanshya,435774678,-13.1383264,28.4179933
Zambia,Kitwe,1164704713,-12.8104186,28.2068361
Zimbabwe,Kwekwe,252622793,-18.9284366,29.8140035
Zimbabwe,Masvingo,253129357,-20.0720142,30.8341936
Zimbabwe,Gweru,253192754,-19.4616316,29.8205953
Zimbabwe,Mutare,253237975,-18.974656,32.670473
Zimbabwe,Kadoma,253241617,-18.3374033,29.9135021
Zimbabwe,Harare,282335934,-17.831773,31.045686
Zimbabwe,Chitungwiza,3049269847,-18.0143462,31.0726737
Zimbabwe,Bulawayo,4155841482,-20.1560599,28.5887063
Angola,Luanda,27564941,-8.8272699,13.2439512
Angola,Cabinda,279009752,-5.5576435,12.1919468
Angola,Huambo,279010032,-12.7765392,15.7320468
Angola,Lubango,279010261,-14.9195371,13.4898109
Angola,Kuito,279010365,-12.3831319,16.9425484
Angola,Malanje,279010432,-9.5438758,16.3475095
Angola,Lobito,279010461,-12.3506867,13.5464318
Angola,UÃ­ge,279010696,-7.6117323,15.0563515
Angola,Saurimo,293386732,-9.6589303,20.3981118
Angola,Sumbe,331385964,-11.2019365,13.8396845
Angola,Benguela,331385969,-12.5790048,13.4037117
Angola,Namibe,331386368,-15.1901576,12.1530839
Angola,Ondjiva,331392785,-17.0705234,15.7280115
Angola,Luena,349039206,-11.7790355,19.9122676
Angola,Lucapa,668065028,-8.4195244,20.7410918
Angola,Menongue,668130569,-14.6610713,17.6820336
Angola,M'banza Congo,668897842,-6.2678204,14.2417957
Angola,N'dalatando,669059480,-9.2984831,14.9144981
Angola,Gulungo-Alto,2178050430,-9.1386587,14.7734467
Cameroon,Kumbo,247716907,6.2108889,10.6867788
Cameroon,Bamenda,247717281,5.9614117,10.1516505
Cameroon,Garoua,248764852,9.3070698,13.3934527
Cameroon,Banyo,250346326,6.748547,11.8045776
Cameroon,Dembo,250801554,9.7123354,13.5504717
Cameroon,KoussÃ©ri,250810233,12.0755638,15.0246194
Cameroon,Buea,331130782,4.1567995,9.2315519
Cameroon,Kribi,331134393,2.9434098,9.9126989
Cameroon,YaoundÃ©,331136682,3.8689867,11.5213344
Cameroon,Douala,732125487,4.0429408,9.706203
Cameroon,Maroua,5754113559,10.6033565,14.3280903
Cameroon,Ebolowa,928414928,2.919441,11.151682
Cameroon,Kumba,929334616,4.6378368,9.4409446
Cameroon,Bogo,930397734,10.73511,14.609944
Cameroon,SangmÃ©lima,943248746,2.936176,11.975646
Cameroon,Bafoussam,1809741111,5.4758083,10.4215565
Cameroon,Mbalmayo,2153352914,3.515197,11.503114
Cameroon,NgaoundÃ©rÃ©,2504142377,7.3211962,13.5877302
Cameroon,Assighassia,2933152214,11.1356832,13.8830074
Cameroon,Kalfou,2933226163,10.2852199,14.929658
Cameroon,Lagdo,3017030725,9.0574802,13.6653588
Cameroon,Bertoua,3193669604,4.5777265,13.6844409
Cameroon,Bafia,3421666568,4.7399331,11.2205928
Cameroon,Kaele,3958091027,10.1095738,14.446062
Cameroon,Koza,5281590301,10.8681658,13.8814882
Cameroon,Mozogo,5288148990,10.962638,13.9045332
Central African Republic,Bangui,27564988,4.3907153,18.5509126
Central African Republic,BerbÃ©rati,250989208,4.2593379,15.7877826
Central African Republic,Sibut,251879395,5.7350828,19.0850538
Central African Republic,Bria,264012339,6.5428919,21.9871043
Central African Republic,Grimari,264013863,5.740166,20.0580918
Central African Republic,Birao,321486731,10.2961965,22.7809907
Central African Republic,Mobaye,621872407,4.3253631,21.1778256
Central African Republic,Bozoum,931680358,6.3147379,16.3806392
Central African Republic,Bossangoa,931715337,6.4986269,17.4501142
Central African Republic,MbaÃ¯ki,1882249894,3.8728278,17.9860847
Central African Republic,N'DÃ©lÃ©,2062772404,8.4111477,20.648473
Central African Republic,Kaga-Bandoro,2073724254,6.9993145,19.182305
Central African Republic,Dimbi,2133811488,4.6227632,21.7267662
Central African Republic,Bimbo,2278046170,4.3325548,18.5250512
Central African Republic,Bocaranga,2294658765,6.995897,15.638835
Central African Republic,Paoua,2294681219,7.2407,16.432496
Central African Republic,Baoro,2590664233,5.694576,15.953318
Central African Republic,Bangassou,2707959938,4.743526,22.8232963
Central African Republic,Nola,2845786546,3.5224201,16.0535833
Central African Republic,Obo,2865088562,5.3940869,26.4927242
Central African Republic,Bambari,4680378478,5.767948,20.675651
Chad,N'DjamÃ©na Ø§Ù†Ø¬Ù…ÙŠÙ†Ø§,27565022,12.1191543,15.0502758
Chad,AbÃ©chÃ© Ø£Ø¨Ø´ÙŠ,150384326,13.8280295,20.8283652
Chad,Oum Hadjer Ø£Ù… Ù‡Ø§Ø¬Ø±,150545728,13.2937546,19.6889527
Chad,Ati Ø£ØªÙŠ,150545850,13.2125691,18.3396857
Chad,Am Timan Ø£Ù… ØªÙŠÙ…Ø§Ù†,322037986,11.0396368,20.2826429
Chad,Mongo Ù…ÙˆÙ†Ù‚Ùˆ,322044775,12.1842561,18.6842092
Chad,Sarh ØµØ§Ø±Ø­,360163529,9.1406471,18.3937969
Chad,Mao Ù…Ø§Ùˆ,469211942,14.1234161,15.3108471
Chad,Bol Ø¨ÙˆÙ„,469212727,13.4676491,14.714412
Chad,Moundou Ù…ÙˆÙ†Ø¯Ùˆ,811383246,8.5654637,16.073831
Chad,Ù…ÙˆÙŠØ³Ø§Ù„Ø§ MoÃ¯ssala,1423833038,8.3380154,17.7652816
Chad,Ù…Ø®ÙŠÙ… Ù„Ø§Ø¬Ø¦ÙŠÙ† Ø§ÙˆØ±ÙŠ ÙƒØ§Ø³ÙˆÙ†ÙŠ,2083909814,15.7120662,23.0499269
Chad,Ù…Ø®ÙŠÙ… Ù„Ø§Ø¬Ø¦ÙŠÙ† Ø¥Ø±ÙŠØ¯ÙŠÙ…ÙŠ,2087828617,15.1225226,22.1299383
Chad,Ù…Ø®ÙŠÙ… Ù‚ÙˆØ² Ø¹Ø§Ù…Ø±,2093484889,12.000747,21.7425101
Chad,LÉ™re Ù„ÙŠØ±ÙŠ,4518664776,9.6587382,14.225115
Chad,Ù…Ø®ÙŠÙ… Ù„Ø§Ø¬Ø¦ÙŠÙ† ØªØ±ÙŠÙ‚ÙŠÙ†,4579254484,13.4383284,21.6483099
Chad,Ù…Ø®ÙŠÙ… Ù„Ø§Ø¬Ø¦ÙŠÙ†  Ø¨Ø±ÙŠØ¬ÙŠÙ†Ùƒ,4579254485,13.4728067,21.6987738
Chad,Ù…Ø®ÙŠÙ… Ù„Ø§Ø¬Ø¦ÙŠÙ† ÙØ±Ø´Ù†Ø§,4579254486,13.5953711,21.7960218
Chad,ØºÙŠØ±ÙŠØ¯Ø§ Guereda,4579370727,14.5094771,22.0857945
Chad,Ø£Ø±ÙƒÙˆÙ… Arkoum,4579396289,13.1958284,21.7072955
Chad,Ø­Ø§Ø¬Ø± Ø­Ø¯ÙŠØ¯ Hadjer Hadid,4579448703,13.4405356,21.663167
Chad,Ù…Ø®ÙŠÙ… Ù„Ø§Ø¬Ø¦ÙŠÙ† ØºØ§ØºØ§,4579454758,13.7650286,21.4534616
Chad,Ø£Ù… Ø²ÙˆÙŠØ± Am Zoer,4579484106,14.2172204,21.3854387
Chad,Ù…Ø®ÙŠÙ… Ù„Ø§Ø¬Ø¦ÙŠÙ† ÙƒÙˆÙ†ÙˆØºÙˆ,4579553389,14.4601651,21.9401915
Chad,Ù…Ø®ÙŠÙ… Ù„Ø§Ø¬Ø¦ÙŠÙ† Ø£Ù… Ù†Ø¨Ø§Ùƒ,4579587345,14.7990803,22.3410537
Chad,Ù…Ø®ÙŠÙ… Ù„Ø§Ø¬Ø¦ÙŠÙ† ØªÙˆÙ„ÙˆÙ…,4579601911,15.0019068,22.2689811
Chad,Ù…Ø®ÙŠÙ… Ù„Ø§Ø¬Ø¦ÙŠÙ† Ù…ÙŠÙ„ÙŠ,4579669621,14.5947775,21.9262234
Chad,Ù…Ø§ØªØ§Ø¬Ø§Ù†Ø§ Matadjana,4580784745,15.174022,21.5780504
Chad,Ù…Ø®ÙŠÙ… Ø§Ù„Ù„Ø§Ø¬Ø¦ÙŠÙ† Ø¯Ø§Ø± Ø§Ù„Ø³Ù„Ø§Ù…,4614227579,13.622518,14.3031263
Congo-Brazzaville,OuÃ©sso,250884373,1.6105452,16.0513456
Congo-Brazzaville,Brazzaville,435903633,-4.2694407,15.2712256
Congo-Brazzaville,Dolisie,619897914,-4.2005398,12.6791573
Congo-Brazzaville,Impfondo,620439732,1.6187416,18.0623499
Congo-Brazzaville,Sibiti,928167493,-3.6850291,13.3510357
Congo-Brazzaville,Pointe-Noire,2448258134,-4.7975373,11.8503297
Congo-Brazzaville,Ouesso,3300968249,1.6096545,16.0460509
Congo-Brazzaville,Liranga,5650165756,-0.6621466,17.6107531
Equatorial Guinea,Bata,251608438,1.8650897,9.768665
Equatorial Guinea,Malabo,292521364,3.752828,8.780061
Equatorial Guinea,EbebiyÃ­n,520140660,2.1537363,11.3370815
Equatorial Guinea,Mongomo,667651748,1.626164,11.311975
Gabon,Libreville,27565068,0.390002,9.454001
Gabon,Franceville,254528943,-1.634363,13.589513
Gabon,Port-Gentil,339582598,-0.7149116,8.7797434
Gabon,Sangala,3013074953,-1.7057965,10.3886503
Botswana,Gaborone,30670040,-24.655319,25.908728
Botswana,Francistown,240504014,-21.16636,27.502515
Botswana,Maun,261633728,-19.9860951,23.4224352
Botswana,Ghanzi,261638559,-21.6989682,21.6452408
Botswana,Kanye,287378072,-24.9766112,25.3358859
Botswana,Serowe,287641418,-22.39776,26.703289
Botswana,Mochudi,1456560429,-24.3828605,26.1489495
Botswana,Tsabong,2454873275,-26.021746,22.401006
Lesotho,Maseru,30656833,-29.310054,27.478222
Namibia,Windhoek,33364833,-22.5744184,17.0791233
Namibia,Walvis Bay,33364834,-22.9543269,14.50748
Namibia,Swakopmund,33364835,-22.6767841,14.5313988
Namibia,Gobabis,33364950,-22.4495283,18.9724666
Namibia,Okahandja,243717016,-21.979231,16.9128172
Namibia,Otjiwarongo,245023717,-20.4638006,16.6493242
Namibia,Opuwo,259003379,-18.0558843,13.8370701
Namibia,Oshakati,259490969,-17.7834339,15.7002428
Namibia,Rundu,259609505,-17.9136037,19.7666849
Namibia,Katima Mulilo,331410669,-17.502934,24.2813141
Namibia,Outapi,1362633207,-17.5046361,14.9865165
South Africa,Port Elizabeth,25470100,-33.9617051,25.6207519
South Africa,Pretoria,25503669,-25.7459374,28.1879444
South Africa,Roodepoort,26417322,-26.1563889,27.8858333
South Africa,Bloemfontein,26938845,-29.116395,26.215496
South Africa,Durban,27564996,-29.861825,31.009909
South Africa,Soweto,27565050,-26.2227778,27.89
South Africa,Secunda,28385456,-26.516111,29.202778
South Africa,East London,30211383,-33.0191604,27.8998573
South Africa,Pietermaritzburg,30211844,-29.6,30.3788889
South Africa,Mbombela (Nelspruit),30211883,-25.481944,30.984722
South Africa,Richards Bay,30225789,-28.7707857,32.0577775
South Africa,Makhanda (Grahamstown),30229877,-33.3070589,26.5272648
South Africa,Emalahleni,30324159,-25.8763485,29.2010447
South Africa,Louis Trichardt,30391852,-23.038326,29.906665
South Africa,Rustenburg,30391973,-25.665655,27.241448
South Africa,Botshabelo,30670036,-29.232412,26.733255
South Africa,Newcastle,30670039,-27.762778,29.923889
South Africa,Cape Town,32675806,-33.928992,18.417396
South Africa,Upington,33364951,-28.456325,21.241867
South Africa,Vereeniging,35960525,-26.6747222,27.9261111
South Africa,Musina,48912418,-22.3453519,30.0268526
South Africa,Ladysmith,51745922,-28.551944,29.778333
South Africa,Mokopane,52132483,-24.183333,29.016667
South Africa,Mafikeng,59953738,-25.863611,25.658611
South Africa,Klerksdorp,59965613,-26.8625383,26.6656814
South Africa,Krugersdorp,60034262,-26.095556,27.775556
South Africa,Johannesburg,261833893,-26.205,28.049722
South Africa,Randburg,262721987,-26.096111,27.975
South Africa,Tembisa,262722256,-26.0221753,28.2014478
South Africa,Mthatha,262722333,-31.589075,28.789145
South Africa,Polokwane,304577692,-23.9058333,29.4613889
South Africa,Thaba Nchu,1375502866,-29.197875,26.832217
South Africa,Welkom,2269464860,-27.982298,26.737969
South Africa,Kimberley,3691546096,-28.7383012,24.7642251
South Africa,Sandton,5283928101,-26.1045525,28.0545147
Benin,Parakou,308813067,9.3400159,2.6278258
Benin,Ouidah,313015821,6.3666147,2.0853599
Benin,Abomey,313015845,7.1820012,1.993632
Benin,Djougou,313015848,9.7106683,1.6651614
Benin,Nikki,313015871,9.9363383,3.2085658
Benin,Bassila,442134145,9.0029362,1.6648193
Benin,Banikoara,459525150,11.3004241,2.4370752
Benin,KouandÃ©,496133867,10.3321794,1.6919847
Benin,Malanville,496140932,11.8605581,3.3878914
Benin,Bohicon,496262977,7.1816331,2.0695683
Benin,AplahouÃ©,496264781,6.9489244,1.7041012
Benin,Dogbo-Tota,496265045,6.801846,1.7815205
Benin,Abomey-Calavi,1660451359,6.4538637,2.354245
Benin,Porto-Novo,1669842684,6.4990718,2.6253361
Benin,Cotonou,1776467369,6.3676953,2.4252507
Benin,N'Dali,2071065504,9.8623372,2.7197361
Benin,Natitingou,2071888096,10.3051511,1.3808554
Benin,Dassa-ZoumÃ©,2248036954,7.7815402,2.183606
Benin,Savalou,2282827069,7.9297324,1.9780951
Benin,Kandi,2304828846,11.1298923,2.9341847
Benin,Lokossa,2304867251,6.6458524,1.7171404
Benin,SakÃ©tÃ©,2304872572,6.7377567,2.6551566
Benin,Allada,2313207442,6.6658411,2.1511876
Benin,KÃ©tou,2313302870,7.3604193,2.6024222
Benin,PobÃ¨,2313302871,6.9820238,2.666791
Benin,Tchaourou,2466409594,8.8890368,2.5979373
Burkina Faso,Ouagadougou,27565002,12.368148,-1.527085
Burkina Faso,Bobo-Dioulasso,257506849,11.1757783,-4.2957591
Burkina Faso,Banfora,302737807,10.642703,-4.752639
Cape Verde,Espargos,28094953,16.7553023,-22.9462172
Cape Verde,Praia,28095099,14.9160169,-23.5096132
Cape Verde,Mindelo,146154210,16.8874145,-24.9863842
Cape Verde,SÃ£o Filipe,255095550,14.8952963,-24.4969361
Cape Verde,Mosteiros,255856894,15.0347257,-24.3277421
Cape Verde,Porto Novo,992952233,17.0189775,-25.065316
Cape Verde,Nova Sintra,1207428485,14.871066,-24.6956479
Cape Verde,Ribeira Brava,2505326925,16.6156821,-24.298231
CÃ´te d'Ivoire,BouakÃ©,27565008,7.6906058,-5.0298408
CÃ´te d'Ivoire,San-PÃ©dro,243642619,4.7581592,-6.641549
CÃ´te d'Ivoire,Le Plateau,243777009,5.328049,-4.021246
CÃ´te d'Ivoire,Cocody,243777012,5.357367,-3.994934
CÃ´te d'Ivoire,Yopougon,243777014,5.335194,-4.075756
CÃ´te d'Ivoire,AdjamÃ©,244527828,5.3531211,-4.0222008
CÃ´te d'Ivoire,Yamoussoukro,319225774,6.809107,-5.273263
CÃ´te d'Ivoire,Divo,443389991,5.8294045,-5.3592251
CÃ´te d'Ivoire,OumÃ©,443393778,6.3823941,-5.4175714
CÃ´te d'Ivoire,Gagnoa,443395221,6.1329749,-5.9517697
CÃ´te d'Ivoire,AttÃ©coubÃ©,489212182,5.3510863,-4.0353547
CÃ´te d'Ivoire,Koumassi,489212186,5.2922646,-3.9593126
CÃ´te d'Ivoire,Port-BouÃ«t,489212197,5.256881,-3.958626
CÃ´te d'Ivoire,Abobo,489212228,5.435487,-4.029007
CÃ´te d'Ivoire,Abidjan,1046100133,5.320357,-4.016107
CÃ´te d'Ivoire,Anyama,1225859428,5.4958898,-4.056921
CÃ´te d'Ivoire,Daloa,1597912529,6.8766904,-6.4516096
CÃ´te d'Ivoire,Man,1597913597,7.4090813,-7.5501702
CÃ´te d'Ivoire,SoubrÃ©,1599891204,5.7852673,-6.5928329
CÃ´te d'Ivoire,Korhogo,1599959917,9.4574719,-5.6342471
CÃ´te d'Ivoire,Abengourou,2189893258,6.7269042,-3.4968431
CÃ´te d'Ivoire,Marcory,2519977357,5.303612,-3.985395
CÃ´te d'Ivoire,Treichville,2519977362,5.3060059,-4.0081093
CÃ´te d'Ivoire,Agboville,2721007532,5.931283,-4.2106525
Gambia,Serrekunda,495132694,13.438762,-16.674807
Ghana,Accra,27565080,5.5600141,-0.2057437
Ghana,Tamale,30933440,9.4043366,-0.8430289
Ghana,Kumasi,261702404,6.698081,-1.6230404
Ghana,Wa,330058453,10.0645894,-2.5059503
Ghana,Techiman,330232703,7.584971,-1.936401
Ghana,Tema,735505132,5.6596441,-0.0096592
Ghana,Koforidua,892162451,6.1104472,-0.2673795
Ghana,Cape Coast,990129709,5.107467,-1.2430793
Ghana,Ashaiman,1546904137,5.694385,-0.029529
Ghana,Sunyani,2026026298,7.3384389,-2.3309226
Ghana,Obuasi,4293849752,6.2116833,-1.689611
Ghana,Sekondi-Takoradi,4563088958,4.927456,-1.7490216
Guinea,Conakry,27565062,9.5170602,-13.6998434
Guinea,N'ZÃ©rÃ©korÃ©,321543441,7.7579345,-8.8176068
Guinea,Kamsar,321593853,10.6639752,-14.5852808
Guinea,Fria,321619916,10.363036,-13.581185
Guinea,Pita,321619934,11.0564638,-12.3950499
Guinea,Coyah,462036776,9.709041,-13.388956
Guinea,Boke,1847720468,10.952242,-14.2760635
Guinea,GuÃ©ckÃ©dou,1864868794,8.561649,-10.132821
Guinea,Kindia,1979210557,10.0492476,-12.8577997
Guinea,Mamou,2173041746,10.374074,-12.08356
Guinea,Macenta,2574288470,8.545846,-9.46792
Guinea,Kissidougou,2742050596,9.192389,-10.098269
Guinea,LabÃ©,2944568131,11.3230033,-12.282253
Guinea,Kankan,5724319639,10.3835169,-9.3069354
Guinea,SitÃ© KalÃ©ta,5884589285,10.4450233,-13.2731583
Guinea-Bissau,Bissau,254525765,11.861324,-15.583055
Guinea-Bissau,MansÃ´a,1562926028,12.06661,-15.316344
Liberia,Monrovia,27564980,6.328034,-10.797788
Mali,Bamako,27564954,12.649319,-8.000337
Mali,Tombouctou,89381749,16.7719091,-3.0087272
Mali,Gao,89918976,16.2788129,-0.0412392
Mali,Sikasso,89942783,11.3164979,-5.6777499
Mali,Kayes,277932033,14.443406,-11.437914
Mali,Koutiala,277943923,12.3869501,-5.4600937
Mali,Koulikoro,277945591,12.8646318,-7.5561287
Mali,Kita,1703670519,13.035034,-9.485395
Mali,Mopti,1717464540,14.4879631,-4.1905986
Mali,SÃ©gou,1717506745,13.441518,-6.268147
Mali,Kidal,2032098356,18.4408358,1.4075395
Mauritania,Ù†ÙˆØ§Ø°ÙŠØ¨Ùˆ,249165824,20.9131304,-17.0501015
Mauritania,Ù†ÙˆØ§ÙƒØ´ÙˆØ·,249166495,18.0792379,-15.9780071
Mauritania,ÙƒÙŠÙØ©,330423418,16.6161559,-11.4002038
Mauritania,Ø£Ù„Ø§Ùƒ,330457384,17.0527177,-13.9152949
Mauritania,Ø£Ø·Ø§Ø±,330511654,20.5182772,-13.0543754
Mauritania,ØªÙŠØ´ÙŠØªâ€â€,2382418992,18.444062,-9.493115
Mauritania,Ù…Ø§Ù„,5012545476,16.9537741,-13.3792618
Niger,Niamey,27564937,13.524834,2.109823
Niger,Dosso,256505236,13.0496369,3.1944647
Niger,Agadez,277867792,16.972556,7.990739
Niger,Zinder,277873430,13.8063421,8.9891659
Niger,Maradi,277875981,13.501206,7.102534
Niger,Tahoua,277879751,14.889922,5.262149
Niger,Arlit,277882803,18.739079,7.393331
Niger,Tessaoua,277884156,13.755513,7.990456
Niger,Madaoua,277887604,14.0708,5.9553
Niger,Mayahi,277887775,13.953305,7.672419
Niger,Diffa Ø¯ÙŠÙØ§,277888774,13.3130749,12.6136611
Niger,TÃ©ra,277889093,14.006992,0.756183
Niger,Magaria,277930050,13.000948,8.908935
Niger,Tanout,464556985,14.97119,8.878363
Niger,AguiÃ©,464569214,13.5009617,7.7759347
Niger,MaÃ¯nÃ©-Soroa,464592048,13.2151567,12.0280819
Niger,Birni N'Konni,473690565,13.791612,5.24779
Nigeria,Warri,27565005,5.517,5.75
Nigeria,Oyo,27565036,7.8410537,3.9315363
Nigeria,Ogbomosho,27565054,8.133,4.25
Nigeria,Port Harcourt,27565065,4.7676576,7.0188527
Nigeria,Ilorin,27565089,8.4963657,4.5480484
Nigeria,Kaduna,27565091,10.5182899,7.4359863
Nigeria,Enugu,27565107,6.4499833,7.5000007
Nigeria,Abeokuta,27565109,7.161,3.348
Nigeria,Maiduguri,27565111,11.8395375,13.1536214
Nigeria,Lagos,27565124,6.4550575,3.3941795
Nigeria,Abuja,31203257,9.0643305,7.4892974
Nigeria,Calabar,251608378,4.9795999,8.3373597
Nigeria,Potiskum,255322295,11.7122553,11.0762744
Nigeria,Bauchi,255425308,10.3147618,9.8454417
Nigeria,Makurdi,312045158,7.7312634,8.538425
Nigeria,Lafia,501406200,9.6519332,11.8176813
Nigeria,Uyo,501193829,5.0322447,7.924791
Nigeria,Sagamu,501330380,6.8477165,3.6440551
Nigeria,Gashua,501331784,12.8728546,11.0387809
Nigeria,Ashigashiya,501380234,11.1355903,13.8744335
Nigeria,Zaria,501388581,11.1134917,7.7188449
Nigeria,Ejigbo,501429659,7.9,4.316667
Nigeria,Hadejia,501430512,12.4526098,10.0418934
Nigeria,Guri,501430762,12.7284315,10.4197948
Nigeria,Jakusko,501464113,12.3691,10.7744631
Nigeria,Geidam,501464391,12.8952043,11.9264702
Nigeria,Owo,501464929,7.1962012,5.5868016
Nigeria,Jimeta,501473219,9.2807951,12.4397493
Nigeria,Mubi,501480960,10.267607,13.264359
Nigeria,Sapele,501482915,5.894053,5.67666
Nigeria,Ikorodu,501483970,6.6191233,3.5041271
Nigeria,Ife,501485612,7.481356,4.551406
Nigeria,Otukpo,501486785,7.1912599,8.1328576
Nigeria,Wukari,501490428,7.8705196,9.7775523
Nigeria,Biu,501493596,10.6146098,12.1909612
Nigeria,Ijebu-Ode,501496491,6.8140077,3.9151668
Nigeria,Deba,501503239,10.2100034,11.386921
Nigeria,Ikot Ekpene,501516317,5.181975,7.7132177
Nigeria,Bida,501517317,9.083333,6.016667
Nigeria,Aba,501517702,5.112735,7.364349
Nigeria,Ijagbo Offa,501520228,8.1560008,4.7227435
Nigeria,Oka-Akoko,501522187,7.4586389,5.8030777
Nigeria,Kano,501540880,11.9918671,8.5303654
Nigeria,Gombe,501540886,10.2840667,11.1652683
Nigeria,Osogbo,501540896,7.7791666,4.5538891
Nigeria,Yola,501540901,9.2564642,12.4492681
Nigeria,Jos,501540902,9.9175125,8.8979401
Nigeria,Abakaliki,501540903,6.3208897,8.1133202
Nigeria,Sokoto,501540904,13.0610588,5.2373194
Nigeria,Ado Ekiti,501540913,7.6232482,5.22274
Nigeria,Akure,501540926,7.2525595,5.1932647
Nigeria,Awka,501540935,6.2100945,7.0741145
Nigeria,Minna,625740529,9.6187093,6.5475752
Nigeria,Benin City,2149000430,6.3330586,5.6221058
Nigeria,Owerri,2469246094,5.489736,7.0341973
Nigeria,Umuahia,2841325913,5.5289005,7.4991542
Nigeria,Ibadan,4982490977,7.3777462,3.8972497
Nigeria,Onitsha,5232601618,6.133234,6.792318
Nigeria,Jalingo,5456668848,8.8922057,11.3760132
Senegal,Dakar â€®ğ¤ğ¤¢ğ¤³ğ¤¢ğ¤ª,27565045,14.693425,-17.447938
Senegal,Saint-Louis,249167293,16.0280445,-16.5048686
Senegal,Diourbel,249742121,14.654562,-16.227822
Senegal,Fatick,249742347,14.333965,-16.404219
Senegal,Louga,249743823,15.6119765,-16.2230683
Senegal,Tambacounda,249744836,13.7692585,-13.6682901
Senegal,Rufisque,281170836,14.716417,-17.273844
Senegal,Pikine,281171041,14.751544,-17.396413
Senegal,MBour,286752859,14.411794,-16.9657124
Senegal,Touba,293437934,14.864559,-15.876047
Senegal,Madina Gounass,351540931,13.1388856,-13.7601374
Senegal,ThiÃ¨s,671824694,14.791461,-16.925605
Senegal,GuÃ©diawaye,1158142391,14.7771207,-17.390071
Senegal,Bignona,1917652469,12.801133,-16.22897
Senegal,Koungheul,2251183429,13.979578,-14.803538
Senegal,Kaolack,3329033430,14.138815,-16.076391
Senegal,Parcelles Assainies,4271813664,14.7594072,-17.4384546
Senegal,Dakar,5903953012,14.693425,-17.447938
Sierra Leone,Freetown,27565056,8.479004,-13.26795
Sierra Leone,Bo,314001434,7.962065,-11.73665
Sierra Leone,Kenema,314005602,7.885936,-11.18639
Sierra Leone,Koidu,314007819,8.642281,-10.971631
Sierra Leone,Kambia,320058940,9.125073,-12.919337
Sierra Leone,Makeni,437337175,8.88474,-12.04912
Sierra Leone,Waterloo,2132436578,8.338977,-13.069573
Togo,Dapaong,279670201,10.8595454,0.2043122
Togo,SansannÃ©-Mango,279670448,10.3571911,0.4768865
Togo,TsÃ©viÃ©,1919282943,6.423115,1.2104692
Togo,KpalimÃ©,1947278732,6.910561,0.632037
Togo,SokodÃ©,1952227085,8.9833194,1.1438149
Togo,LomÃ©,2195276463,6.130419,1.215829
Togo,Kara,2516231661,9.548767,1.1980859
Togo,AtakpamÃ©,4409324516,7.5320603,1.1219479
